"","C.Open","C.High","C.Low","C.Close","C.Volume","C.Adjusted"
"2015-01-05",53.91,53.959999,52.330002,52.549999,20945400,48.679096
"2015-01-06",52.68,52.77,50.529999,50.700001,31989300,46.965363
"2015-01-07",51.509998,51.549999,50.619999,51.169998,27890800,47.400742
"2015-01-08",51.77,52.080002,51.5,51.939999,17467200,48.114017
"2015-01-09",52.169998,52.240002,50.77,50.779999,20180200,47.039471
"2015-01-12",50.82,50.91,50.029999,50.380001,22725800,46.668934
"2015-01-13",50.66,51.23,49.610001,50.02,23201800,46.335453
"2015-01-14",48.959999,49.099998,47.77,49.049999,44630800,45.436905
"2015-01-15",48.060001,48.240002,46.91,47.23,48799400,43.750965
"2015-01-16",46.700001,47.689999,46.599998,47.610001,32307000,44.102974
"2015-01-20",47.98,48,47.150002,47.259998,25561000,43.778755
"2015-01-21",47.369999,48.23,47.150002,47.740002,22873300,44.2234
"2015-01-22",48.259998,49.75,47.93,49.57,29652600,45.918606
"2015-01-23",49.490002,49.759998,48.610001,48.619999,18984700,45.038582
"2015-01-26",48.48,49.029999,48.41,48.889999,13817500,45.288689
"2015-01-27",48.040001,48.650002,47.77,48.310001,16401200,44.751415
"2015-01-28",48.369999,48.509998,47.110001,47.110001,26065300,43.639809
"2015-01-29",47.07,47.779999,46.830002,47.619999,19865700,44.121601
"2015-01-30",47.09,47.73,46.900002,46.950001,23729800,43.500839
"2015-02-02",47.200001,47.77,46.900002,47.720001,19178200,44.21426
"2015-02-03",48.459999,49.220001,48.349998,48.880001,25220200,45.289043
"2015-02-04",48.57,49,48.299999,48.400002,19581800,44.844292
"2015-02-05",48.740002,49,48.220001,48.540001,15481900,44.974014
"2015-02-06",49.400002,49.950001,49.060001,49.139999,25881500,45.529942
"2015-02-09",48.860001,49.509998,48.439999,49.209999,16364900,45.594795
"2015-02-10",50,50.060001,49.139999,49.389999,17223700,45.76157
"2015-02-11",49.150002,49.880001,49.110001,49.68,13079500,46.030262
"2015-02-12",49.939999,51.09,49.77,50.889999,28926800,47.151375
"2015-02-13",51.009998,51.490002,50.810001,51.200001,17448500,47.438602
"2015-02-17",50.950001,51.799999,50.900002,51.689999,14569400,47.892601
"2015-02-18",51.299999,51.669998,51.09,51.419998,17666800,47.642437
"2015-02-19",51.279999,51.540001,51.040001,51.119999,11272000,47.364471
"2015-02-20",51.049999,51.91,50.360001,51.779999,19429400,47.975983
"2015-02-23",51.529999,51.540001,50.75,51.32,15282600,47.549782
"2015-02-24",51.419998,52.299999,51.389999,51.900002,20250900,48.087173
"2015-02-25",51.650002,52.110001,51.549999,52.09,10666000,48.26321
"2015-02-26",52.029999,52.490002,51.91,52.41,16358100,48.5597
"2015-02-27",52.32,52.869999,52.169998,52.419998,18588400,48.568974
"2015-03-02",52.419998,53.52,52.049999,53.490002,19384200,49.560368
"2015-03-03",53.939999,54,53.43,53.73,24281900,49.782726
"2015-03-04",53.48,53.860001,53.240002,53.669998,14698100,49.727142
"2015-03-05",53.709999,53.73,53.150002,53.560001,13853800,49.625229
"2015-03-06",53.75,54.009998,52.93,53.060001,40296600,49.161949
"2015-03-09",52.880001,53.169998,52.77,52.950001,17542600,49.060028
"2015-03-10",52.07,52.299999,51.23,51.23,29061300,47.4664
"2015-03-11",51.619999,52.759998,51.52,52.330002,32443600,48.485584
"2015-03-12",54,54.720001,53.450001,54.080002,50191200,50.107025
"2015-03-13",53.900002,54.240002,53.259998,53.540001,20780600,49.606689
"2015-03-16",53.740002,54.040001,53.400002,53.689999,17031600,49.745674
"2015-03-17",53.209999,53.990002,53.16,53.84,13902900,49.884644
"2015-03-18",53.419998,53.939999,53.169998,53.720001,18383700,49.773483
"2015-03-19",53.57,53.619999,52.200001,52.380001,21150000,48.53191
"2015-03-20",52.439999,53.169998,52.41,52.98,22466200,49.087826
"2015-03-23",53.029999,53.049999,52.48,52.48,13148900,48.624557
"2015-03-24",52.349998,52.439999,51.939999,51.939999,12887700,48.124233
"2015-03-25",51.98,52.110001,51.349998,51.380001,15418200,47.605373
"2015-03-26",51.189999,51.459999,50.470001,51.189999,21839600,47.429337
"2015-03-27",51.490002,51.490002,50.720001,51,16052400,47.253292
"2015-03-30",51.330002,52,51.310001,51.639999,13289200,47.846279
"2015-03-31",51.259998,51.77,51.16,51.52,13928900,47.735096
"2015-04-01",51.369999,51.900002,51.009998,51.619999,21577700,47.827747
"2015-04-02",51.68,52.220001,51.59,51.860001,13966900,48.050121
"2015-04-06",51.16,51.959999,50.98,51.619999,13250800,47.827747
"2015-04-07",51.830002,51.93,51.389999,51.52,11562700,47.735096
"2015-04-08",51.669998,52.220001,51.630001,51.889999,11773000,48.077908
"2015-04-09",51.73,52.209999,51.689999,52.130001,13591400,48.300274
"2015-04-10",52.080002,52.68,51.98,52.43,13032000,48.578239
"2015-04-13",52.48,52.950001,52.41,52.66,11984400,48.79134
"2015-04-14",52.93,53,52.380001,52.73,13259700,48.856197
"2015-04-15",52.93,53.380001,52.75,53.209999,19041100,49.300934
"2015-04-16",53.98,54.459999,53.799999,54.02,38345600,50.051426
"2015-04-17",53.509998,54.099998,52.950001,53.07,23287000,49.171223
"2015-04-20",53.299999,53.57,53.09,53.200001,14730000,49.291668
"2015-04-21",53.349998,53.459999,52.25,52.48,19554400,48.624557
"2015-04-22",52.52,53.380001,52.349998,53.099998,14873400,49.199013
"2015-04-23",53.009998,53.400002,52.82,53.220001,13049600,49.310207
"2015-04-24",53.16,53.220001,52.849998,52.900002,10150500,49.013702
"2015-04-27",52.880001,53.389999,52.779999,52.799999,15613000,48.921055
"2015-04-28",52.669998,53.099998,52.25,53.02,14134500,49.124897
"2015-04-29",52.650002,53.990002,52.610001,53.759998,22542400,49.810524
"2015-04-30",53.75,53.970001,52.919998,53.32,19420600,49.402859
"2015-05-01",53.639999,53.84,53.310001,53.759998,13147600,49.810524
"2015-05-04",53.849998,54.259998,53.740002,54.169998,15670100,50.190403
"2015-05-05",53.990002,54.299999,53.25,53.349998,20669100,49.430656
"2015-05-06",53.560001,53.900002,52.349998,52.82,19414800,48.939579
"2015-05-07",52.59,53.439999,52.41,53.310001,14954200,49.440395
"2015-05-08",53.549999,54.110001,53.299999,54.02,17333500,50.098862
"2015-05-11",53.919998,54.16,53.799999,53.970001,13896800,50.052486
"2015-05-12",53.669998,53.98,53.23,53.740002,13336900,49.839184
"2015-05-13",53.720001,54.360001,53.48,54.200001,15810400,50.265789
"2015-05-14",54.43,54.73,54.330002,54.599998,14250800,50.636757
"2015-05-15",54.59,54.610001,54.029999,54.240002,10377200,50.302898
"2015-05-18",54.189999,54.900002,54.169998,54.669998,11717600,50.701683
"2015-05-19",54.790001,55.369999,54.75,55.330002,18207400,51.313774
"2015-05-20",55.27,55.299999,54.75,54.889999,13954600,50.905701
"2015-05-21",54.689999,55.099998,54.610001,54.84,11799200,50.859341
"2015-05-22",54.779999,55.330002,54.68,54.970001,12652000,50.979893
"2015-05-26",54.75,54.84,54.009998,54.240002,16564500,50.302898
"2015-05-27",54.34,54.98,54.200001,54.869999,13699400,50.887157
"2015-05-28",54.82,54.82,54.220001,54.549999,13380900,50.590382
"2015-05-29",54.459999,54.490002,53.869999,54.080002,13841400,50.154499
"2015-06-01",54.68,55.049999,54.439999,54.450001,18156300,50.497643
"2015-06-02",54.400002,55.02,54.130001,54.720001,17765400,50.748051
"2015-06-03",55.040001,56.02,55.009998,55.630001,21240500,51.591988
"2015-06-04",55.450001,56,55.16,55.330002,18517600,51.313774
"2015-06-05",56.02,56.580002,55.84,56.240002,26500400,52.157715
"2015-06-08",56.25,56.5,55.650002,55.650002,14961600,51.610535
"2015-06-09",55.57,56.360001,55.220001,56,15193100,51.935131
"2015-06-10",56.27,57.209999,56.18,57.02,21275600,52.881092
"2015-06-11",57.200001,57.5,56.93,57.209999,19187100,53.057308
"2015-06-12",57.009998,57.25,56.669998,57.110001,13860600,52.96455
"2015-06-15",56.619999,56.939999,56.110001,56.650002,17698400,52.537952
"2015-06-16",56.52,57.130001,56.360001,57.07,13563800,52.927471
"2015-06-17",57.07,57.150002,56.380001,56.540001,17801900,52.435928
"2015-06-18",56.66,56.880001,55.98,56.759998,18739300,52.639969
"2015-06-19",56.509998,56.810001,56.169998,56.23,18840500,52.148438
"2015-06-22",56.860001,57.209999,56.759998,56.950001,13011600,52.816177
"2015-06-23",57.279999,57.639999,57.119999,57.389999,16216100,53.224239
"2015-06-24",56.66,56.990002,56.5,56.66,19235500,52.547226
"2015-06-25",56.990002,57.060001,56.18,56.189999,12176200,52.111347
"2015-06-26",56.470001,56.650002,56.099998,56.34,12148300,52.250458
"2015-06-29",55.040001,55.619999,54.849998,54.880001,22260400,50.896435
"2015-06-30",55.52,55.68,54.810001,55.240002,17737400,51.230301
"2015-07-01",56.009998,56.009998,55.240002,55.68,17606100,51.638363
"2015-07-02",55.43,55.849998,55.07,55.369999,12062800,51.350868
"2015-07-06",54.790001,55.25,54.5,55.080002,12706200,51.081917
"2015-07-07",54.970001,55.049999,53.029999,54.5,32011200,50.544006
"2015-07-08",53.810001,53.810001,52.77,52.799999,26169400,48.967403
"2015-07-09",53.84,54.150002,53.599998,53.709999,23540400,49.811356
"2015-07-10",54.549999,54.790001,54.299999,54.560001,16578700,50.599659
"2015-07-13",55.040001,55.689999,55.040001,55.540001,18803900,51.508522
"2015-07-14",55.369999,56.119999,55.240002,55.91,18174900,51.851673
"2015-07-15",56.259998,56.790001,55.950001,56.459999,20470500,52.36174
"2015-07-16",57.900002,58.650002,57.709999,58.59,41084000,54.337135
"2015-07-17",58.529999,58.889999,58.34,58.75,21055300,54.485519
"2015-07-20",58.959999,59.299999,58.630001,58.849998,16016600,54.578255
"2015-07-21",58.799999,59.310001,58.799999,59.099998,21541700,54.810108
"2015-07-22",59.119999,60.529999,59.029999,60.34,30156200,55.960106
"2015-07-23",60.290001,60.950001,59.73,59.869999,29432300,55.524212
"2015-07-24",59.700001,59.77,58.330002,58.700001,24760800,54.439152
"2015-07-27",57.900002,58.330002,57.43,57.959999,20378400,53.752869
"2015-07-28",58.450001,58.5,57.779999,58.369999,12566700,54.133102
"2015-07-29",58.560001,59.150002,58.43,58.919998,14460800,54.643181
"2015-07-30",58.73,59.049999,58.299999,58.880001,11202100,54.652458
"2015-07-31",58.790001,58.84,58.369999,58.459999,12529300,54.262619
"2015-08-03",58.619999,58.669998,57.950001,58.439999,10508700,54.244049
"2015-08-04",58.369999,58.869999,58.290001,58.470001,10984500,54.271908
"2015-08-05",58.939999,59.25,58.599998,58.740002,10631000,54.522507
"2015-08-06",58.82,58.959999,57.900002,58.099998,14707400,53.928471
"2015-08-07",58.18,58.610001,57.439999,57.91,11934000,53.752098
"2015-08-10",58.259998,58.84,58.209999,58.740002,10812200,54.522507
"2015-08-11",58.009998,58.25,57.240002,57.639999,18897600,53.501492
"2015-08-12",56.939999,57.240002,55.310001,56.91,27428700,52.82391
"2015-08-13",57.029999,57.599998,56.5,57.330002,15837900,53.213749
"2015-08-14",57.18,57.720001,57.18,57.59,8864000,53.455078
"2015-08-17",57.16,57.849998,56.990002,57.77,11139200,53.622166
"2015-08-18",57.669998,57.919998,57.400002,57.549999,11593200,53.417953
"2015-08-19",57.18,57.52,56.560001,57,17673200,52.90744
"2015-08-20",56.029999,56.310001,55.330002,55.330002,28455500,51.357353
"2015-08-21",54.400002,55.049999,53.580002,53.599998,33437500,49.751564
"2015-08-24",49.130001,52.529999,47.099998,50.34,37767000,46.72562
"2015-08-25",52.700001,52.75,49.880001,49.880001,27809200,46.29866
"2015-08-26",51.41,52.380001,50.25,52.279999,30721900,48.526329
"2015-08-27",53.189999,53.619999,52.349998,53.439999,26467300,49.603046
"2015-08-28",53.09,53.560001,52.82,53.279999,17205400,49.454529
"2015-08-31",53.130001,53.66,52.720001,53.48,20629000,49.640179
"2015-09-01",52.400002,52.400002,50.290001,50.939999,28621600,47.282543
"2015-09-02",51.810001,52.029999,50.990002,51.75,17515800,48.034389
"2015-09-03",51.959999,52.709999,51.59,51.790001,15708700,48.071518
"2015-09-04",51.130001,51.299999,50.119999,50.59,19054500,46.957676
"2015-09-08",51.400002,51.880001,51.02,51.650002,17160200,47.941574
"2015-09-09",52.400002,52.619999,50.73,50.880001,16930900,47.22686
"2015-09-10",50.560001,51.5,50.290001,51.07,17467000,47.403206
"2015-09-11",51.009998,51.150002,50.630001,51.099998,12001800,47.431065
"2015-09-14",51.080002,51.18,50.68,50.98,11427000,47.319675
"2015-09-15",51.18,52.290001,51.060001,52,17858900,48.266438
"2015-09-16",52.259998,52.709999,51.790001,52.59,17369500,48.814083
"2015-09-17",52.610001,53,51.380001,51.650002,24075200,47.941574
"2015-09-18",50.700001,50.84,50.110001,50.290001,33404600,46.679218
"2015-09-21",50.82,51.099998,50.360001,50.709999,14936600,47.069069
"2015-09-22",49.950001,50.450001,49.860001,50.380001,19610600,46.76276
"2015-09-23",50.400002,50.650002,49.950001,50.119999,13680200,46.521423
"2015-09-24",49.66,49.75,48.75,49.130001,32241000,45.602505
"2015-09-25",50.169998,50.720001,49.869999,50.549999,22341800,46.920544
"2015-09-28",50.630001,50.700001,48.950001,49.029999,21919800,45.509689
"2015-09-29",49.049999,49.450001,48.470001,49,16485000,45.48185
"2015-09-30",49.810001,49.84,48.900002,49.610001,17629000,46.048046
"2015-10-01",49.419998,50,49.220001,49.889999,16291000,46.307934
"2015-10-02",48.509998,49.880001,47.709999,49.880001,27320900,46.29866
"2015-10-05",50.400002,51.34,50.34,51.16,14881200,47.486744
"2015-10-06",51.049999,51.5,50.830002,51.060001,12602100,47.393929
"2015-10-07",51.48,51.849998,50.889999,51.32,16572000,47.635254
"2015-10-08",51.09,51.84,50.75,51.650002,16903000,47.941574
"2015-10-09",51.82,52.02,50.93,51.380001,14341200,47.690956
"2015-10-12",51.360001,51.490002,50.880001,51.279999,11187000,47.598129
"2015-10-13",50.849998,51.709999,50.830002,51.209999,13337900,47.533165
"2015-10-14",51.07,51.220001,50.380001,50.720001,22288000,47.078342
"2015-10-15",51.830002,53.18,51.119999,52.970001,31023100,49.166794
"2015-10-16",53.34,53.360001,52.57,52.689999,17569200,48.906891
"2015-10-19",52.360001,53.18,52.330002,52.860001,13616200,49.06469
"2015-10-20",52.860001,53.200001,52.599998,52.84,11195800,49.046127
"2015-10-21",52.990002,53.16,51.790001,51.810001,15577800,48.09008
"2015-10-22",52.18,52.869999,52.150002,52.509998,22320500,48.739819
"2015-10-23",53,53.669998,52.950001,53.639999,19927100,49.788689
"2015-10-26",53.23,53.59,52.75,53.110001,14530700,49.296741
"2015-10-27",52.709999,52.91,52.240002,52.610001,13232400,48.832634
"2015-10-28",52.860001,54.959999,52.709999,54.73,23403900,50.80043
"2015-10-29",54.5,55.060001,53.619999,53.66,23153900,49.852795
"2015-10-30",53.75,53.82,52.93,53.169998,18430200,49.397564
"2015-11-02",53.450001,54.049999,53.34,53.830002,11999700,50.010738
"2015-11-03",53.560001,54.389999,53.52,54.16,13518300,50.317318
"2015-11-04",54.369999,54.5,53.66,53.830002,16985200,50.010738
"2015-11-05",53.779999,54.400002,53.75,54.150002,13632500,50.308029
"2015-11-06",55.77,56.459999,55.490002,55.869999,21654400,51.905994
"2015-11-09",55.919998,56.189999,55.07,55.709999,19921800,51.757347
"2015-11-10",55.529999,56.169998,55,55.799999,17657400,51.840965
"2015-11-11",56.119999,56.139999,54.779999,54.900002,15834000,51.004818
"2015-11-12",54.52,54.52,53.450001,53.459999,17735000,49.666985
"2015-11-13",53.169998,53.580002,52.669998,53.169998,16828800,49.397564
"2015-11-16",52.959999,53.689999,52.490002,53.689999,14896600,49.880669
"2015-11-17",53.889999,54.220001,53.23,53.490002,14845300,49.694866
"2015-11-18",53.849998,55.029999,53.759998,54.98,19100300,51.07914
"2015-11-19",54.880001,55.299999,54.740002,55.060001,11997500,51.153465
"2015-11-20",55.369999,55.369999,54.549999,54.75,14896000,50.865467
"2015-11-23",54.669998,54.84,54.150002,54.279999,14547100,50.428799
"2015-11-24",53.810001,54.509998,53.709999,54.18,12950900,50.335903
"2015-11-25",54.290001,54.330002,53.759998,54.080002,9859400,50.243008
"2015-11-27",54.060001,54.369999,53.720001,54.209999,5483300,50.363773
"2015-11-30",54.34,54.459999,53.970001,54.09,14603100,50.252293
"2015-12-01",54.400002,54.91,54.25,54.880001,11856000,50.986233
"2015-12-02",54.990002,55.02,54.029999,54.139999,15288800,50.29874
"2015-12-03",54.419998,54.599998,53.349998,53.509998,19750000,49.71344
"2015-12-04",53.66,55.330002,53.52,55.09,21464100,51.181343
"2015-12-07",54.77,54.880001,53.91,54.400002,15077300,50.540298
"2015-12-08",53.84,54.009998,53.18,53.389999,14785500,49.601955
"2015-12-09",53.049999,53.810001,52.310001,52.810001,19903700,49.063099
"2015-12-10",52.889999,53.240002,52.169998,52.650002,16333800,48.914455
"2015-12-11",51.939999,52.209999,50.669998,51.110001,24093500,47.483719
"2015-12-14",51.139999,51.73,50.5,51.099998,21586800,47.474434
"2015-12-15",51.849998,52.799999,51.849998,52.52,21642300,48.793678
"2015-12-16",53.040001,54.009998,52.299999,53.900002,26044800,50.075775
"2015-12-17",54.009998,54.200001,52.709999,52.84,17179600,49.090981
"2015-12-18",52.459999,52.68,51.16,51.209999,25509600,47.576618
"2015-12-21",51.709999,51.91,51.080002,51.790001,16929000,48.115475
"2015-12-22",51.990002,52.130001,51.389999,52.009998,13241300,48.319866
"2015-12-23",52.299999,52.639999,52.080002,52.630001,14950200,48.895878
"2015-12-24",52.48,52.970001,52.450001,52.709999,4671200,48.970203
"2015-12-28",52.57,52.57,51.959999,52.380001,8761700,48.66362
"2015-12-29",52.759998,53.220001,52.740002,52.98,10155100,49.221058
"2015-12-30",52.84,52.939999,52.25,52.299999,8763300,48.589291
"2015-12-31",52.07,52.389999,51.75,51.75,11281800,48.078304
"2016-01-04",50.75,51.189999,50.189999,51.130001,23440200,47.5023
"2016-01-05",51.540001,51.610001,50.41,50.860001,17444900,47.251461
"2016-01-06",50.099998,50.580002,49.759998,50.119999,22501800,46.563961
"2016-01-07",49.07,49.380001,47.5,47.560001,37902900,44.1856
"2016-01-08",48.73,48.740002,46.029999,46.130001,30643000,42.857063
"2016-01-11",46.560001,46.990002,45.93,46.849998,26284600,43.525974
"2016-01-12",47.5,47.5,46.27,46.880001,26310000,43.553841
"2016-01-13",47.32,47.349998,44.970001,45.189999,27925800,41.983746
"2016-01-14",45.419998,45.82,44.57,45.380001,30129500,42.160263
"2016-01-15",42.509998,43.689999,41.849998,42.470001,52452600,39.456734
"2016-01-19",42.849998,43.119999,41.66,41.939999,39032700,38.96434
"2016-01-20",40.52,41.029999,39.439999,40.490002,49905400,37.617218
"2016-01-21",40.509998,41.389999,40.029999,40.150002,34976700,37.301338
"2016-01-22",41.049999,41.349998,40.82,41.060001,30187200,38.14677
"2016-01-25",40.810001,40.959999,39.450001,39.549999,31924000,36.743904
"2016-01-26",39.599998,40.790001,39.5,40.5,23508400,37.626503
"2016-01-27",40.369999,41.689999,40.23,40.560001,28274800,37.682243
"2016-01-28",41.200001,41.389999,40.07,40.389999,23212800,37.570625
"2016-01-29",40.799999,42.59,40.779999,42.580002,36107600,39.607758
"2016-02-01",42.360001,42.830002,42,42.48,22860300,39.514729
"2016-02-02",41.860001,41.860001,40.279999,40.419998,31460900,37.59853
"2016-02-03",40.650002,40.709999,38.040001,40.360001,43680300,37.542721
"2016-02-04",40.110001,41.57,40.049999,40.790001,26732600,37.942703
"2016-02-05",41.02,41.439999,39.549999,39.860001,23599700,37.077621
"2016-02-08",39.139999,39.18,37.18,37.810001,35237100,35.170715
"2016-02-09",36.93,38.07,36.68,37.509998,39767200,34.891663
"2016-02-10",38.5,39.09,37.380001,37.41,33390000,34.798645
"2016-02-11",36,36.16,34.52,34.98,48945600,32.538265
"2016-02-12",36.029999,37.869999,35.98,37.540001,38120400,34.919567
"2016-02-16",38.59,39.220001,38.32,38.889999,31802500,36.175327
"2016-02-17",39.709999,40.290001,39.5,39.779999,29133500,37.003201
"2016-02-18",39.93,39.990002,38.619999,38.919998,24107700,36.203236
"2016-02-19",38.82,39.060001,38.060001,38.990002,22426000,36.268349
"2016-02-22",39.669998,39.970001,39.299999,39.52,22028600,36.761353
"2016-02-23",39.119999,39.189999,38.040001,38.220001,26234200,35.552105
"2016-02-24",37.439999,38.18,36.610001,38.09,25912400,35.431171
"2016-02-25",38.23,38.650002,38.009998,38.619999,19889500,35.924183
"2016-02-26",39.060001,40.02,38.759998,39.5,23757400,36.742752
"2016-02-29",39.43,39.799999,38.849998,38.849998,22268700,36.138123
"2016-03-01",39.150002,41.290001,39.099998,41.27,30606800,38.389198
"2016-03-02",41.240002,42.25,41.09,42.220001,28383800,39.272881
"2016-03-03",42.139999,42.869999,41.889999,42.830002,21835200,39.840302
"2016-03-04",43.07,43.59,42.470001,42.830002,28071000,39.840302
"2016-03-07",42.360001,42.93,42.080002,42.610001,22134600,39.635654
"2016-03-08",42.150002,42.310001,40.990002,41.049999,26265000,38.184547
"2016-03-09",41.360001,41.43,40.630001,41.150002,18573900,38.277569
"2016-03-10",41.610001,42.150002,40.610001,41.369999,21139800,38.482216
"2016-03-11",42.27,43.009998,41.759998,42.990002,21068500,39.989136
"2016-03-14",42.66,42.91,42.209999,42.669998,15332700,39.691467
"2016-03-15",42.259998,42.619999,41.970001,42.59,13784700,39.617054
"2016-03-16",42.130001,43.049999,41.5,42.23,22981000,39.282181
"2016-03-17",41.990002,42.93,41.380001,42.849998,24262800,39.858902
"2016-03-18",43.43,43.970001,43.25,43.540001,30801900,40.500744
"2016-03-21",43.43,44.259998,43.25,43.599998,16226400,40.556557
"2016-03-22",43.27,43.630001,42.91,43.380001,14885100,40.35191
"2016-03-23",43.279999,43.5,42.279999,42.369999,23989200,39.412415
"2016-03-24",41.779999,41.939999,41.029999,41.939999,22723400,39.012436
"2016-03-28",42.099998,42.18,41.68,41.919998,13062400,38.993828
"2016-03-29",41.779999,41.779999,41.139999,41.720001,18160100,38.807793
"2016-03-30",41.98,42.59,41.849998,41.880001,14763200,38.956615
"2016-03-31",41.830002,42.34,41.59,41.75,15661700,38.835693
"2016-04-01",41.52,42.599998,41.299999,42.470001,17749500,39.505436
"2016-04-04",42.360001,42.700001,41.98,42.060001,14376300,39.124054
"2016-04-05",41.450001,41.900002,41.119999,41.509998,17867800,38.612442
"2016-04-06",41.529999,41.889999,41.189999,41.860001,16169900,38.938007
"2016-04-07",41.299999,41.48,39.950001,40.27,22618000,37.459011
"2016-04-08",40.860001,41.279999,40.369999,40.470001,14676100,37.645042
"2016-04-11",40.740002,41.509998,40.709999,41.119999,21083700,38.249672
"2016-04-12",41.279999,41.959999,41.119999,41.900002,19888700,38.975227
"2016-04-13",42.549999,44.490002,42.549999,44.25,33135400,41.161179
"2016-04-14",44.139999,45.290001,44.02,44.98,26885100,41.840233
"2016-04-15",46.450001,46.560001,44.599998,44.919998,39168600,41.784409
"2016-04-18",44.419998,45.25,44.209999,45.110001,22929900,41.961151
"2016-04-19",45.419998,45.93,45.23,45.630001,18833300,42.444855
"2016-04-20",45.740002,46.75,45.73,46.740002,21645700,43.477371
"2016-04-21",46.790001,46.950001,46.23,46.599998,21538600,43.347141
"2016-04-22",46.689999,47.349998,46.619999,46.970001,17425900,43.691315
"2016-04-25",46.630001,46.93,46.139999,46.689999,13480500,43.430862
"2016-04-26",46.709999,47.16,46.419998,47.099998,15573600,43.812241
"2016-04-27",46.889999,47.84,46.790001,47.330002,19444700,44.026192
"2016-04-28",46.790001,47.529999,46.549999,46.73,18399500,43.514034
"2016-04-29",46.52,46.860001,46.060001,46.279999,23922700,43.094997
"2016-05-02",46.540001,46.830002,45.900002,46.68,13802500,43.467476
"2016-05-03",45.77,45.830002,44.98,45.57,21186200,42.433872
"2016-05-04",44.880001,45.02,44.169998,44.66,24310500,41.586487
"2016-05-05",44.779999,45.080002,44.16,44.23,14912000,41.186085
"2016-05-06",43.810001,44.419998,43.720001,44.41,17632500,41.353703
"2016-05-09",44.310001,44.610001,43.650002,43.889999,14251900,40.869484
"2016-05-10",44.34,44.900002,44.110001,44.84,13608900,41.754105
"2016-05-11",44.66,45.380001,44.459999,44.470001,15997900,41.409565
"2016-05-12",44.84,45.169998,43.77,44,15551500,40.97192
"2016-05-13",43.98,44.57,43,43.110001,19433500,40.143166
"2016-05-16",43.110001,43.5,42.939999,43.150002,17158400,40.18042
"2016-05-17",43.07,43.889999,42.810001,43.700001,19943000,40.692562
"2016-05-18",43.75,46.139999,43.75,45.869999,37645200,42.713226
"2016-05-19",45.599998,46.060001,44.630001,45.060001,23036100,41.958973
"2016-05-20",45.419998,45.700001,44.790001,44.900002,19610200,41.809975
"2016-05-23",44.849998,45.18,44.57,45.110001,15050500,42.005527
"2016-05-24",45.450001,46.189999,45.310001,45.860001,18976500,42.703907
"2016-05-25",46.189999,47.599998,46.189999,46.939999,23944600,43.709583
"2016-05-26",47.040001,47.119999,46.07,46.110001,16956600,42.936707
"2016-05-27",46.240002,46.669998,46.080002,46.580002,13854500,43.374363
"2016-05-31",46.880001,46.900002,46.310001,46.57,21404000,43.365051
"2016-06-01",46.040001,46.990002,45.48,46.939999,17212500,43.709583
"2016-06-02",46.860001,47.060001,46.599998,46.970001,15483800,43.737526
"2016-06-03",45.110001,45.599998,44.25,45.389999,36961500,42.266254
"2016-06-06",45.389999,46.259998,45.209999,45.740002,17321400,42.592175
"2016-06-07",46.040001,46.099998,45.509998,45.540001,12089800,42.40593
"2016-06-08",45.48,45.900002,45.299999,45.560001,13147300,42.424564
"2016-06-09",45.18,45.209999,44.650002,45.009998,17069000,41.912407
"2016-06-10",44.27,44.400002,43.68,43.900002,23071100,40.878799
"2016-06-13",43.23,44.060001,43.150002,43.16,20612100,40.18972
"2016-06-14",43.040001,43.540001,41.52,41.959999,27621300,39.072315
"2016-06-15",42.299999,42.889999,41.970001,42.009998,21934200,39.11887
"2016-06-16",41.610001,42.18,41.150002,42.119999,19904800,39.221294
"2016-06-17",42.439999,42.939999,42.150002,42.48,25113400,39.556522
"2016-06-20",43.459999,44.049999,42.779999,42.799999,20244000,39.8545
"2016-06-21",43.169998,43.209999,42.470001,42.919998,14714900,39.966244
"2016-06-22",42.869999,43.43,42.639999,42.68,18087600,39.74276
"2016-06-23",43.509998,44.5,43.470001,44.459999,25703000,41.400261
"2016-06-24",40.630001,41.389999,40.259998,40.299999,71849800,37.52655
"2016-06-27",39.580002,39.639999,38.310001,38.48,53380200,35.831802
"2016-06-28",39.810001,40.630001,39.200001,40.439999,38605600,37.656918
"2016-06-29",41.139999,42.189999,40.900002,42.119999,34004100,39.221294
"2016-06-30",42.68,42.799999,41.68,42.389999,34485400,39.472717
"2016-07-01",42.299999,42.689999,41.970001,42.169998,19399600,39.267857
"2016-07-05",41.380001,41.5,40.419998,40.779999,25571100,37.973518
"2016-07-06",40.150002,41.080002,40.029999,41.060001,27713900,38.234241
"2016-07-07",41.330002,42.060001,41.09,41.290001,24585500,38.448421
"2016-07-08",41.799999,42.27,41.630001,41.98,29468600,39.090935
"2016-07-11",42.389999,42.75,42.290001,42.290001,19752600,39.379597
"2016-07-12",42.82,43.48,42.759998,43.439999,23803600,40.450459
"2016-07-13",43.330002,43.68,43.02,43.330002,20488200,40.348026
"2016-07-14",44.380001,44.77,44.119999,44.450001,37093600,41.390945
"2016-07-15",44.450001,45.029999,43.849998,44.330002,29198800,41.279217
"2016-07-18",44.279999,44.900002,44.240002,44.57,18683900,41.502697
"2016-07-19",44.189999,44.689999,44.060001,44.349998,15297300,41.297832
"2016-07-20",44.529999,44.700001,44.200001,44.470001,16547100,41.409565
"2016-07-21",44.5,44.700001,44.110001,44.130001,14924900,41.092968
"2016-07-22",44.099998,44.360001,43.830002,44.299999,12764200,41.25127
"2016-07-25",44.310001,44.360001,43.91,44.040001,14391400,41.009167
"2016-07-26",43.93,44.240002,43.900002,44.150002,16152500,41.111599
"2016-07-27",44.200001,44.709999,44.130001,44.290001,17814200,41.241962
"2016-07-28",44,44.169998,43.68,44.080002,13239600,41.195232
"2016-07-29",43.869999,44.16,43.759998,43.810001,13773700,40.942909
"2016-08-01",43.919998,44.02,43.240002,43.419998,14794400,40.578423
"2016-08-02",43.23,43.630001,42.5,42.990002,20089100,40.176567
"2016-08-03",42.93,43.939999,42.860001,43.889999,14708300,41.017662
"2016-08-04",43.740002,44.040001,43.66,43.84,11747900,40.970932
"2016-08-05",44.630001,45.73,44.509998,45.720001,28566800,42.727898
"2016-08-08",45.830002,46.16,45.48,45.959999,16861600,42.952194
"2016-08-09",45.950001,46.110001,45.669998,45.900002,12203800,42.896122
"2016-08-10",45.799999,45.900002,45.389999,45.450001,16566700,42.475578
"2016-08-11",45.509998,45.91,45.290001,45.73,14819400,42.737251
"2016-08-12",45.41,45.599998,45.220001,45.580002,12472900,42.597065
"2016-08-15",45.82,46.5,45.82,46.389999,12252700,43.354053
"2016-08-16",46.25,46.790001,46.139999,46.619999,15202100,43.569
"2016-08-17",46.509998,46.799999,46.380001,46.630001,17899300,43.578346
"2016-08-18",46.57,46.700001,46.209999,46.5,14190300,43.456856
"2016-08-19",46.34,46.59,46.02,46.529999,12207600,43.484894
"2016-08-22",46.419998,46.75,46.25,46.66,11007500,43.60638
"2016-08-23",46.900002,47.060001,46.59,46.59,13345500,43.54097
"2016-08-24",46.630001,47.119999,46.540001,46.66,16054400,43.60638
"2016-08-25",46.509998,46.82,46.470001,46.720001,16520200,43.662472
"2016-08-26",46.830002,47.240002,46.700001,47.110001,23338500,44.026939
"2016-08-29",47.189999,47.689999,47.110001,47.259998,16700000,44.167118
"2016-08-30",47.259998,47.93,47.220001,47.900002,17519800,44.765232
"2016-08-31",47.959999,48.18,47.25,47.740002,20826600,44.615707
"2016-09-01",47.82,48.029999,46.759998,47.360001,19403900,44.260578
"2016-09-02",47.5,47.709999,47.009998,47.509998,16293000,44.400753
"2016-09-06",47.509998,47.650002,46.650002,47.290001,17649500,44.195152
"2016-09-07",47,47.639999,46.860001,47.48,13610600,44.372726
"2016-09-08",47.459999,48.07,47.32,47.790001,15856400,44.662441
"2016-09-09",47.900002,48.169998,47.169998,47.169998,20468100,44.083008
"2016-09-12",46.639999,47.869999,46.330002,47.790001,22074800,44.662441
"2016-09-13",46.900002,47.290001,46.610001,46.919998,19885000,43.849365
"2016-09-14",46.889999,47.439999,46.68,46.75,19778400,43.690495
"2016-09-15",46.75,47.32,46.59,47.080002,14133200,43.998901
"2016-09-16",46.599998,46.790001,46.240002,46.41,24820800,43.372749
"2016-09-19",46.619999,47.240002,46.509998,46.59,12759700,43.54097
"2016-09-20",47.040001,47.189999,46.450001,46.540001,13749400,43.494247
"2016-09-21",47,47.279999,46.290001,46.900002,16605200,43.830681
"2016-09-22",46.990002,47.299999,46.75,47.110001,16247600,44.026939
"2016-09-23",47.02,47.459999,46.84,47.150002,14793500,44.064331
"2016-09-26",46.509998,46.630001,45.830002,45.889999,22646700,42.886772
"2016-09-27",45.52,46.48,45.16,46.369999,16165700,43.335365
"2016-09-28",46.580002,46.91,46.099998,46.869999,15871600,43.802643
"2016-09-29",46.799999,47.400002,45.41,45.799999,28066800,42.802666
"2016-09-30",46.330002,47.5,46.060001,47.23,25563100,44.139084
"2016-10-03",47.02,47.259998,46.779999,47.029999,13819800,43.952171
"2016-10-04",47.099998,48.43,47.080002,47.75,25542000,44.625053
"2016-10-05",48.009998,48.880001,48.009998,48.650002,18173400,45.466148
"2016-10-06",48.830002,49.09,48.369999,49.07,15721000,45.858673
"2016-10-07",49,49.41,48.68,49.279999,16584000,46.054924
"2016-10-10",49.459999,49.959999,49.369999,49.549999,14022700,46.307247
"2016-10-11",49.279999,49.650002,48.689999,48.990002,16033300,45.783909
"2016-10-12",48.970001,49.220001,48.66,48.700001,14407300,45.512882
"2016-10-13",47.919998,48.68,47.540001,48.470001,22302200,45.297935
"2016-10-14",49.599998,49.950001,48.389999,48.610001,28291800,45.428772
"2016-10-17",48.59,49.139999,48.41,48.599998,16655000,45.419426
"2016-10-18",49.18,49.290001,48.810001,48.990002,18159900,45.783909
"2016-10-19",49.110001,49.709999,49.029999,49.48,14663600,46.241833
"2016-10-20",49.459999,49.900002,49.209999,49.580002,13522600,46.335289
"2016-10-21",49.07,49.630001,48.98,49.57,12728600,46.325935
"2016-10-24",49.82,49.880001,49.52,49.580002,10753500,46.335289
"2016-10-25",49.490002,49.810001,49.299999,49.59,9790500,46.344639
"2016-10-26",49.27,50.060001,49.209999,50.009998,13960000,46.737148
"2016-10-27",50.32,50.599998,49.900002,49.93,19181400,46.662388
"2016-10-28",49.98,50.119999,48.950001,49.560001,17780300,46.316597
"2016-10-31",49.740002,49.860001,49.139999,49.150002,15173400,45.933437
"2016-11-01",49.400002,49.669998,48.400002,48.939999,20691100,45.737171
"2016-11-02",48.630001,48.73,48.16,48.540001,15824100,45.36335
"2016-11-03",48.529999,48.990002,48.02,48.189999,16224300,45.185196
"2016-11-04",48.110001,48.799999,47.700001,48.169998,14152500,45.166447
"2016-11-07",49.259998,49.84,49.209999,49.82,19357600,46.713562
"2016-11-08",49.419998,50.029999,49.040001,49.91,17548300,46.797951
"2016-11-09",50.07,51.939999,49.470001,51.59,59210400,48.373211
"2016-11-10",52.049999,54.200001,51.740002,53.610001,52067300,50.267246
"2016-11-11",52.759998,53.16,51.599998,52.830002,41858600,49.535892
"2016-11-14",53.040001,54.889999,53,54.68,43113100,51.270523
"2016-11-15",53.990002,55.470001,53.709999,55.450001,33433800,51.992516
"2016-11-16",54.209999,55,54.209999,54.630001,24200100,51.223648
"2016-11-17",54.599998,55.98,54.360001,55.450001,24579000,51.992516
"2016-11-18",55.380001,55.84,54.98,55.459999,24990000,52.001888
"2016-11-21",55.959999,55.990002,55.139999,55.540001,20410400,52.076904
"2016-11-22",55.66,56.150002,55.43,56.099998,21975900,52.601982
"2016-11-23",56.299999,56.830002,55.810001,56.689999,19906300,53.155193
"2016-11-25",56.599998,56.799999,56.189999,56.779999,11488200,53.239586
"2016-11-28",55.860001,56.349998,55.43,55.470001,23645000,52.011269
"2016-11-29",55.5,55.939999,55.32,55.52,15725400,52.058155
"2016-11-30",56.23,56.720001,56.060001,56.389999,24395100,52.873898
"2016-12-01",56.77,57.57,56.540001,57.27,27592500,53.699036
"2016-12-02",57.200001,57.240002,55.93,56.02,25110300,52.526974
"2016-12-05",56.610001,57.529999,56.580002,57.279999,24404500,53.708408
"2016-12-06",57.98,58.080002,57,57.919998,21487500,54.308498
"2016-12-07",57.889999,59.16,57.889999,59.060001,30517600,55.377422
"2016-12-08",59.400002,60.799999,59.049999,60.150002,32536000,56.39946
"2016-12-09",59.959999,60.220001,59.220001,60.040001,22804900,56.296318
"2016-12-12",59.450001,60.09,58.869999,59.549999,21879400,55.836868
"2016-12-13",59.630001,59.970001,58.759998,59.790001,22014500,56.061901
"2016-12-14",58.959999,60.799999,58.830002,59.450001,31399400,55.743103
"2016-12-15",60.099998,60.619999,59.560001,60.23,22389300,56.474464
"2016-12-16",60.59,60.610001,59.639999,59.75,28405900,56.024399
"2016-12-19",59.490002,59.779999,58.919998,59.66,17654400,55.94001
"2016-12-20",59.919998,60.799999,59.919998,60.799999,23439800,57.008926
"2016-12-21",60.700001,60.91,60.150002,60.75,15090200,56.962044
"2016-12-22",60.66,60.93,60.41,60.490002,14571100,56.718258
"2016-12-23",60.529999,61,60.380001,60.990002,9314000,57.187084
"2016-12-27",61.029999,61.299999,60.849998,61.09,9544000,57.280842
"2016-12-28",61,61.200001,59.98,60.040001,17127400,56.296318
"2016-12-29",60.02,60.119999,58.68,59.380001,17121200,55.677467
"2016-12-30",59.5,59.799999,59.189999,59.43,16588500,55.724358
"2017-01-03",60.68,61.09,59.75,60.59,18322400,56.812027
"2017-01-04",60.689999,61.630001,60.610001,61.41,16947500,57.580894
"2017-01-05",60.970001,61.43,59.91,60.34,18317900,56.577614
"2017-01-06",60.68,60.84,60.080002,60.549999,16778400,56.774513
"2017-01-09",60.150002,60.639999,59.669998,60.220001,14593000,56.465092
"2017-01-10",60.200001,60.849998,59.950001,60.23,13483300,56.474464
"2017-01-11",59.66,60,59.25,59.959999,20737600,56.221298
"2017-01-12",59.529999,59.82,58.759998,59.23,22778900,55.536823
"2017-01-13",59.450001,60.32,59.380001,59.630001,21045200,55.91188
"2017-01-17",59.009998,59.32,58.029999,58.380001,25013800,54.739819
"2017-01-18",57.990002,58.279999,57.099998,57.389999,29276200,53.81155
"2017-01-19",57.529999,57.599998,56.389999,56.66,24932400,53.127064
"2017-01-20",56.950001,57.119999,56.029999,56.110001,27722300,52.611366
"2017-01-23",56.119999,56.290001,55.419998,55.68,23130200,52.208172
"2017-01-24",55.959999,57.150002,55.68,56.740002,18416400,53.20208
"2017-01-25",57.900002,57.919998,57.099998,57.689999,21492900,54.09285
"2017-01-26",57.599998,57.98,57.049999,57.360001,20792700,53.783417
"2017-01-27",57.389999,57.41,56.720001,57.110001,17074200,53.549011
"2017-01-30",56.509998,56.68,55.759998,56.610001,17537600,53.080185
"2017-01-31",56.330002,56.959999,55.580002,55.830002,29221000,52.34882
"2017-02-01",56.720001,56.98,55.880001,56.049999,17441500,52.555099
"2017-02-02",55.490002,56.209999,55.23,55.98,15586800,52.639725
"2017-02-03",57.040001,57.880001,56.59,57.759998,21404100,54.313526
"2017-02-06",57.509998,58.349998,57.34,57.639999,15680200,54.20068
"2017-02-07",58,58.07,57.009998,57.189999,13996900,53.777538
"2017-02-08",56.919998,56.919998,56.139999,56.32,18626600,52.959438
"2017-02-09",56.32,57.540001,56.32,57.259998,18054100,53.843357
"2017-02-10",57.82,57.950001,57.130001,57.630001,14421700,54.191277
"2017-02-13",57.990002,59.369999,57.990002,58.950001,22779800,55.432518
"2017-02-14",59,60.110001,58.75,59.830002,22359300,56.26001
"2017-02-15",60.16,60.869999,59.700001,60.5,22423900,56.89003
"2017-02-16",60.349998,60.5,59.759998,60.380001,15916600,56.777187
"2017-02-17",59.700001,60.169998,59.400002,60.169998,15120600,56.57972
"2017-02-21",60.290001,60.689999,60.23,60.549999,15812700,56.937042
"2017-02-22",60.18,60.950001,60.02,60.619999,16025700,57.002869
"2017-02-23",60.639999,60.84,60.23,60.619999,14624400,57.002869
"2017-02-24",59.880001,60.18,59.110001,59.560001,19900300,56.006123
"2017-02-27",59.560001,60.240002,59.41,60.02,15711400,56.438671
"2017-02-28",59.669998,60.09,59.48,59.810001,17237500,56.241199
"2017-03-01",61.200001,61.939999,61,61.540001,26421700,57.867977
"2017-03-02",61.68,61.869999,60.59,60.630001,17270300,57.012272
"2017-03-03",60.389999,61.25,60.330002,61,15178600,57.360195
"2017-03-06",60.799999,60.880001,60.259998,60.279999,14979400,56.683159
"2017-03-07",60.189999,60.709999,59.779999,60.5,17297800,56.89003
"2017-03-08",61.560001,62.529999,61.060001,61.110001,30724000,57.463627
"2017-03-09",61.360001,62.09,61.23,61.549999,21429300,57.877377
"2017-03-10",61.939999,62.029999,60.919998,61.490002,17421900,57.820965
"2017-03-13",61.540001,61.790001,60.98,61.529999,13481500,57.85857
"2017-03-14",61.330002,61.470001,60.810001,61.439999,11819700,57.773937
"2017-03-15",61.700001,61.779999,60.459999,60.84,20086900,57.20974
"2017-03-16",61.049999,61.41,60.77,61.150002,15198300,57.501244
"2017-03-17",61.16,61.27,60.200001,60.369999,32281900,56.767788
"2017-03-20",60.099998,60.380001,59.59,59.59,14813800,56.034328
"2017-03-21",60.130001,60.200001,57.950001,58.040001,34140400,54.576817
"2017-03-22",57.41,58.389999,56.900002,57.77,25648500,54.322926
"2017-03-23",57.759998,58.82,57.529999,58.049999,16916500,54.58622
"2017-03-24",58.330002,58.540001,57.610001,58.07,13504400,54.605022
"2017-03-27",56.849998,58.450001,56.549999,58.330002,17257200,54.84951
"2017-03-28",58.189999,59.66,58.119999,59.419998,15391100,55.87447
"2017-03-29",59.529999,59.880001,59.27,59.389999,13457400,55.84626
"2017-03-30",59.389999,60.830002,59.360001,60.509998,14886200,56.899426
"2017-03-31",60.310001,60.509998,59.790001,59.82,14407900,56.250595
"2017-04-03",59.93,60.09,58.650002,59.68,15460500,56.118958
"2017-04-04",59.290001,59.950001,59.200001,59.68,9745600,56.118958
"2017-04-05",60.5,61.02,59.529999,59.59,20295200,56.034328
"2017-04-06",59.439999,60.23,59.009998,59.889999,13806000,56.316425
"2017-04-07",59.330002,59.889999,59.259998,59.43,13449300,55.883881
"2017-04-10",59.360001,59.98,58.98,59.279999,12096700,55.742828
"2017-04-11",58.68,59.049999,58.080002,59.029999,15247800,55.50774
"2017-04-12",59.09,59.130001,58.27,58.509998,15223400,55.018776
"2017-04-13",58.299999,59.73,57.68,58.040001,31784400,54.576817
"2017-04-17",58.360001,59.060001,57.93,58.990002,14657300,55.470131
"2017-04-18",58.580002,58.889999,58.07,58.419998,16891000,54.934139
"2017-04-19",58.849998,59.099998,57.599998,57.73,18104200,54.285305
"2017-04-20",58.169998,58.650002,57.549999,58.41,17074800,54.924732
"2017-04-21",58.380001,58.439999,57.630001,57.720001,15255900,54.275909
"2017-04-24",59.18,59.709999,59.07,59.439999,24400300,55.893272
"2017-04-25",60.080002,60.790001,60,60.209999,21593500,56.617332
"2017-04-26",60.040001,60.700001,59.959999,60.099998,16058000,56.513897
"2017-04-27",59.98,59.990002,58.93,59.389999,14025900,55.995335
"2017-04-28",59.360001,59.57,59.049999,59.119999,11917100,55.740761
"2017-05-01",59.389999,60.060001,59.16,59.459999,12879400,56.061329
"2017-05-02",59.450001,59.720001,58.93,59.709999,11471900,56.297039
"2017-05-03",59.5,60.330002,59.299999,60.240002,12845300,56.796753
"2017-05-04",60.700001,60.939999,60.09,60.209999,14509800,56.768463
"2017-05-05",60.490002,60.580002,60.099998,60.240002,11484300,56.796753
"2017-05-08",60.150002,60.73,60.119999,60.5,8458300,57.041889
"2017-05-09",60.650002,61.040001,60.07,60.23,13179900,56.787319
"2017-05-10",60.099998,60.639999,60,60.369999,11607300,56.919319
"2017-05-11",60.25,60.919998,59.919998,60.700001,16314000,57.230461
"2017-05-12",60.360001,61.099998,60.209999,61.07,15393200,57.579308
"2017-05-15",61.220001,61.700001,61.09,61.419998,14838500,57.909309
"2017-05-16",61.490002,62.580002,61.380001,62.490002,21199500,58.91814
"2017-05-17",62.490002,62.490002,59.669998,59.98,33251400,56.551613
"2017-05-18",59.73,60.599998,59.099998,60.080002,25142200,56.645897
"2017-05-19",60.41,61.77,60.240002,61.099998,20266600,57.60759
"2017-05-22",61.41,61.549999,60.720001,61.060001,11744800,57.569878
"2017-05-23",61.09,61.950001,60.73,61.709999,12414300,58.182724
"2017-05-24",61.84,62.439999,61.66,62.27,16102700,58.71072
"2017-05-25",62.25,62.689999,61.779999,61.950001,13368600,58.409004
"2017-05-26",61.869999,62.330002,61.650002,62.07,10850300,58.522148
"2017-05-30",61.790001,62.07,61.509998,61.639999,12603800,58.11673
"2017-05-31",61.59,61.599998,59.869999,60.540001,23150500,57.079601
"2017-06-01",60.889999,61.09,60.169998,61.080002,13922400,57.588741
"2017-06-02",60.330002,61.599998,60.299999,61.110001,13643600,57.617016
"2017-06-05",61.040001,61.77,60.959999,61.25,10024900,57.74902
"2017-06-06",60.68,61.169998,60.439999,61.009998,10764300,57.522739
"2017-06-07",61.209999,62.23,61.099998,61.880001,16056100,58.343002
"2017-06-08",61.880001,63.82,61.720001,63.209999,25925700,59.596989
"2017-06-09",63.84,64.739998,63.509998,64.449997,31488800,60.766106
"2017-06-12",64.510002,65.400002,64.07,64.32,27444400,60.643547
"2017-06-13",64.879997,65.260002,64.330002,64.690002,18749000,60.992401
"2017-06-14",64.25,64.919998,63.5,64.720001,20791600,61.020679
"2017-06-15",64.309998,64.940002,63.939999,64.099998,15111500,60.436115
"2017-06-16",64.160004,64.230003,63.709999,63.889999,19549900,60.238117
"2017-06-19",64.400002,64.889999,64.260002,64.480003,13264800,60.794403
"2017-06-20",64.309998,64.419998,63.91,63.91,12162800,60.256973
"2017-06-21",63.889999,64.260002,63.610001,63.830002,13532800,60.181553
"2017-06-22",63.619999,63.91,63.34,63.619999,11344700,59.983559
"2017-06-23",64.050003,64.18,63.16,63.41,16395300,59.785549
"2017-06-26",63.549999,64.120003,63.209999,63.779999,14978000,60.134407
"2017-06-27",64.239998,64.860001,64.010002,64.230003,16416300,60.558689
"2017-06-28",65,65.360001,64.519997,65.18,24015200,61.45438
"2017-06-29",67.650002,67.75,66.260002,66.980003,40827200,63.151501
"2017-06-30",67.559998,67.589996,66.720001,66.879997,15832300,63.057213
"2017-07-03",67.239998,68.910004,67.239998,68.260002,16488300,64.358337
"2017-07-05",68.330002,68.730003,67.949997,68.449997,17783100,64.537483
"2017-07-06",68.449997,68.760002,67.57,67.629997,17960700,63.764355
"2017-07-07",68.029999,68.300003,67.440002,67.910004,14735300,64.028343
"2017-07-10",67.690002,68.040001,67.440002,67.650002,12613800,63.783195
"2017-07-11",67.5,67.57,66.599998,66.82,17134600,63.000645
"2017-07-12",66.760002,67.199997,66.540001,66.919998,16881700,63.094925
"2017-07-13",67.150002,67.290001,66.690002,67.019997,20152000,63.189205
"2017-07-14",66.32,66.93,65.519997,66.720001,20742300,62.906361
"2017-07-17",66.760002,67.099998,66.419998,66.830002,17498000,63.010071
"2017-07-18",66.440002,67.099998,66.220001,66.889999,15965900,63.066631
"2017-07-19",67.150002,67.360001,66.5,66.699997,12687300,62.887505
"2017-07-20",66.620003,67.040001,66.330002,66.360001,14027600,62.566948
"2017-07-21",66.099998,66.440002,65.889999,66,14075500,62.227512
"2017-07-24",65.919998,66.43,65.910004,66.099998,14848400,62.3218
"2017-07-25",67.93,68.419998,67.809998,68.029999,30833600,64.141487
"2017-07-26",68.470001,68.839996,67.790001,67.980003,19228500,64.094337
"2017-07-27",68,68.720001,67.360001,67.599998,22650200,63.736057
"2017-07-28",67.419998,67.769997,67,67.43,13604500,63.575787
"2017-07-31",67.870003,68.650002,67.519997,68.449997,23059300,64.537483
"2017-08-01",69.089996,69.620003,68.75,69.599998,22974700,65.621742
"2017-08-02",69.57,69.650002,68.82,69.419998,19095600,65.452034
"2017-08-03",68.93,69.199997,68.010002,68.129997,20937900,64.533249
"2017-08-04",68.790001,69.410004,68.709999,68.980003,18148400,65.338371
"2017-08-07",69.129997,69.260002,68.690002,69.040001,12961100,65.39521
"2017-08-08",69,69.860001,68.82,68.879997,16645900,65.243652
"2017-08-09",68.120003,68.480003,67.919998,68.43,19195700,64.817406
"2017-08-10",68,68.129997,67.150002,67.220001,19147200,63.671284
"2017-08-11",67.07,67.470001,66.589996,66.800003,15172800,63.273464
"2017-08-14",67.610001,68.129997,67.410004,67.889999,15120200,64.305916
"2017-08-15",68.580002,68.959999,67.879997,67.970001,15472000,64.381691
"2017-08-16",68.150002,68.370003,67.389999,67.709999,15064500,64.135414
"2017-08-17",67.309998,67.650002,66.510002,66.599998,14487900,63.084003
"2017-08-18",66.389999,67.360001,66.18,66.580002,13628900,63.065079
"2017-08-21",66.580002,66.779999,65.860001,65.949997,15791100,62.468319
"2017-08-22",66.290001,66.93,66.25,66.849998,13247000,63.320808
"2017-08-23",66.209999,67.57,66.209999,67.230003,10031600,63.680756
"2017-08-24",67.449997,67.910004,66.949997,67.690002,11524800,64.116478
"2017-08-25",67.800003,68.239998,67.709999,67.849998,11883100,64.268036
"2017-08-28",68.080002,68.18,67.43,67.809998,10797600,64.230133
"2017-08-29",66.699997,67.769997,66.510002,67.480003,12448000,63.917572
"2017-08-30",67.699997,68.389999,67.690002,68.010002,9152000,64.419571
"2017-08-31",68.150002,68.290001,67.75,68.029999,12439300,64.438522
"2017-09-01",68.110001,69.029999,67.980003,68.580002,10720600,64.959488
"2017-09-05",67.769997,67.940002,66.760002,67.160004,17649500,63.614456
"2017-09-06",67.459999,67.599998,66.849998,67.32,11849400,63.765995
"2017-09-07",67.389999,67.440002,65.690002,66.059998,20307800,62.572521
"2017-09-08",65.970001,66.919998,65.870003,66.169998,13438000,62.676704
"2017-09-11",66.760002,67.790001,66.370003,67.709999,17287000,64.135414
"2017-09-12",68.220001,69.25,68.099998,68.790001,15495400,65.158401
"2017-09-13",68.690002,69.529999,68.459999,69.389999,17467300,65.72673
"2017-09-14",69.349998,69.75,69.209999,69.239998,15022100,65.584648
"2017-09-15",69.120003,69.379997,68.910004,69.040001,18360900,65.39521
"2017-09-18",69.379997,70.93,69.269997,70.599998,18027800,66.872841
"2017-09-19",70.300003,71.699997,70.300003,71.150002,15466000,67.393806
"2017-09-20",71.379997,72.199997,70.82,71.459999,19788100,67.687439
"2017-09-21",71.449997,72.129997,71.150002,71.760002,11509200,67.971611
"2017-09-22",71.599998,71.639999,71.010002,71.400002,10446600,67.630608
"2017-09-25",71.209999,71.510002,70.32,70.839996,10762800,67.100174
"2017-09-26",70.849998,71.239998,70.510002,70.940002,11553800,67.194885
"2017-09-27",72.190002,72.970001,71.910004,72.279999,18092200,68.464142
"2017-09-28",72.610001,72.860001,72.019997,72.650002,13845900,68.814621
"2017-09-29",72.550003,72.900002,72.360001,72.739998,12777300,68.899864
"2017-10-02",73.07,73.889999,72.910004,73.800003,13386300,69.903915
"2017-10-03",73.980003,74.379997,73.849998,74.129997,11925100,70.216484
"2017-10-04",74.18,74.739998,73.93,74.059998,12904100,70.150185
"2017-10-05",74.07,75.93,73.849998,75.720001,19701200,71.722542
"2017-10-06",75.809998,76.019997,75.099998,75.639999,16119900,71.646767
"2017-10-09",75.830002,75.879997,75.089996,75.389999,12830800,71.409973
"2017-10-10",75.400002,75.540001,74.629997,75.18,13866600,71.21106
"2017-10-11",74.970001,75.330002,74.660004,74.940002,18597900,70.983727
"2017-10-12",75.82,76.139999,72.269997,72.370003,40166300,68.5494
"2017-10-13",72.099998,72.339996,70.910004,72.110001,30907300,68.303131
"2017-10-16",71.379997,72.580002,71.370003,71.769997,21169200,67.981071
"2017-10-17",72.239998,72.720001,72,72.190002,15743800,68.378899
"2017-10-18",72.660004,73.330002,72.550003,73.120003,15126700,69.259811
"2017-10-19",72.349998,72.940002,71.709999,72.879997,12322700,69.032478
"2017-10-20",73.760002,73.879997,73.18,73.529999,15634600,69.648155
"2017-10-23",73.480003,74.010002,73.43,73.529999,10821500,69.648155
"2017-10-24",73.959999,74.75,73.730003,74.239998,15260200,70.320679
"2017-10-25",74.480003,74.629997,73.260002,73.620003,17188100,69.733421
"2017-10-26",73.660004,74.25,73.599998,73.790001,13213100,69.894432
"2017-10-27",73.43,73.980003,73.010002,73.870003,11309900,69.970222
"2017-10-30",73.209999,73.910004,73.18,73.779999,10556900,69.884956
"2017-10-31",73.870003,74.089996,73.260002,73.5,11733500,69.619743
"2017-11-01",73.989998,74.519997,73.809998,74.029999,11361900,70.121765
"2017-11-02",73.949997,74.849998,73.330002,74.739998,12997500,70.794289
"2017-11-03",74.220001,74.389999,73.839996,74.050003,10692600,70.442314
"2017-11-06",73.589996,74.029999,73.169998,73.800003,12636600,70.204498
"2017-11-07",73.779999,74,72.32,72.709999,17255700,69.167587
"2017-11-08",72.389999,72.57,71.519997,72.339996,18710600,68.815613
"2017-11-09",71.720001,72.760002,71.449997,72.43,15496600,68.901245
"2017-11-10",72.529999,72.860001,72.110001,72.25,12853100,68.730011
"2017-11-13",71.669998,72.150002,71.480003,71.989998,13500600,68.482658
"2017-11-14",71.650002,71.809998,71.040001,71.529999,13188900,68.045074
"2017-11-15",70.620003,72.07,70.019997,71.730003,17541800,68.235352
"2017-11-16",72.110001,72.32,71.510002,71.669998,12415600,68.178261
"2017-11-17",71.160004,71.830002,70.940002,71.330002,11813000,67.85482
"2017-11-20",71.769997,72.300003,71.279999,72.050003,1e+07,68.539757
"2017-11-21",72.5,72.589996,72.129997,72.379997,9632100,68.853668
"2017-11-22",72.449997,73.150002,72.260002,72.260002,9146200,68.739525
"2017-11-24",72.410004,72.519997,71.989998,72.019997,4676100,68.511208
"2017-11-27",71.989998,72.360001,71.309998,71.389999,12615200,67.911903
"2017-11-28",71.440002,74,71.129997,73.699997,18048300,70.10936
"2017-11-29",75.129997,75.769997,74.050003,75.040001,21876400,71.384079
"2017-11-30",75.730003,76.889999,75.150002,75.5,23179600,71.821663
"2017-12-01",75.709999,76.239998,73.779999,75.510002,18269800,71.831184
"2017-12-04",77.019997,77.919998,76.620003,77.099998,23151400,73.343712
"2017-12-05",76.980003,77.279999,76.190002,76.540001,16045900,72.810997
"2017-12-06",76.239998,76.5,75.089996,75.440002,16612500,71.764587
"2017-12-07",74.669998,75.32,74.260002,74.980003,19173400,71.326988
"2017-12-08",75.059998,75.720001,74.970001,75.709999,12460900,72.021439
"2017-12-11",75.940002,76.129997,75.529999,75.849998,10461700,72.15461
"2017-12-12",76.040001,76.800003,75.519997,76.150002,18381900,72.440002
"2017-12-13",75.949997,76.32,75.050003,75.139999,20231600,71.479202
"2017-12-14",75.230003,75.43,73.779999,73.919998,24778500,70.318634
"2017-12-15",74.449997,75.150002,74.269997,74.769997,37121100,71.127228
"2017-12-18",75.279999,76.010002,75.269997,75.669998,16449300,71.983383
"2017-12-19",76.099998,76.150002,74.650002,74.699997,17655100,71.060646
"2017-12-20",75.349998,75.769997,74.610001,74.660004,17644000,71.022598
"2017-12-21",74.980003,76.080002,74.940002,75.82,14085700,72.126083
"2017-12-22",75.889999,75.989998,75.050003,75.489998,12006600,71.812149
"2017-12-26",75.449997,75.720001,74.419998,74.779999,10882100,71.136749
"2017-12-27",74.669998,75.080002,74.519997,74.889999,10845100,71.241386
"2017-12-28",74.910004,75.169998,74.839996,75.080002,8759800,71.422142
"2017-12-29",75.169998,75.290001,74.379997,74.410004,10074900,70.784782
"2018-01-02",75.089996,75.18,74.019997,74.360001,15819800,70.737198
"2018-01-03",74.349998,74.739998,73.970001,74.589996,14657900,70.955994
"2018-01-04",75.010002,76.110001,74.660004,75.510002,16864900,71.831184
"2018-01-05",75.709999,75.769997,74.959999,75.410004,15300500,71.736053
"2018-01-08",75.169998,75.239998,74.330002,74.529999,14215700,70.898926
"2018-01-09",74.760002,75.889999,74.610001,75.309998,14209500,71.640923
"2018-01-10",75.699997,76.279999,75.370003,75.650002,14008000,71.964363
"2018-01-11",75.980003,76.019997,75.139999,75.559998,15459900,71.878731
"2018-01-12",75.900002,76.959999,75.779999,76.839996,16946700,73.096367
"2018-01-16",77.760002,78.440002,76.790001,77.110001,26181400,73.353226
"2018-01-17",76.889999,77.660004,76.099998,77.470001,20958400,73.695694
"2018-01-18",77.660004,77.699997,77.080002,77.389999,15420800,73.619583
"2018-01-19",77.57,78.379997,77.43,78.300003,17814000,74.485252
"2018-01-22",78.239998,78.900002,78.050003,78.589996,11561100,74.761124
"2018-01-23",78.459999,78.889999,77.959999,78.550003,10080000,74.723076
"2018-01-24",78.959999,79.709999,78.660004,79.449997,18108600,75.579216
"2018-01-25",79.849998,80.389999,79.209999,79.440002,16178800,75.569717
"2018-01-26",79.610001,80.080002,78.959999,80.080002,12807800,76.178528
"2018-01-29",80.120003,80.699997,79.830002,79.959999,14611100,76.064369
"2018-01-30",79.199997,79.599998,78.610001,78.620003,15816900,74.789658
"2018-01-31",78.779999,79.389999,78.190002,78.480003,16266300,74.656479
"2018-02-01",78.269997,79.230003,78.139999,79.199997,12437200,75.341393
"2018-02-02",78.650002,79.059998,76.879997,77.019997,18561200,73.564842
"2018-02-05",75.519997,77.220001,72.199997,73.269997,31087800,69.983078
"2018-02-06",71.519997,75.190002,71.150002,74.82,32116700,71.463539
"2018-02-07",74.769997,76.080002,74.32,74.989998,18908400,71.625908
"2018-02-08",75.07,75.25,71.800003,71.870003,24941100,68.645882
"2018-02-09",73.019997,74.279999,71,73.68,26616500,70.374672
"2018-02-12",74.470001,75.5,73.970001,74.760002,16677700,71.406235
"2018-02-13",74.339996,75.379997,74.150002,75.18,11749100,71.807396
"2018-02-14",75.029999,76.860001,74.730003,76.709999,16261300,73.268745
"2018-02-15",77.18,77.459999,76.400002,77.080002,11066400,73.622154
"2018-02-16",76.800003,77.370003,76.610001,76.82,11644900,73.373817
"2018-02-20",76.639999,77.230003,76.089996,76.459999,12040900,73.029968
"2018-02-21",76.400002,78.419998,76.400002,77,15888800,73.545731
"2018-02-22",77.279999,77.480003,75.940002,76.269997,16049500,72.848488
"2018-02-23",76.480003,77.110001,76.199997,77.080002,12481200,73.622154
"2018-02-26",77.230003,77.739998,76.720001,77.650002,17288300,74.166588
"2018-02-27",77.519997,77.879997,76.349998,76.379997,19977200,72.953552
"2018-02-28",76.599998,77.129997,75.449997,75.489998,19329900,72.103477
"2018-03-01",75.5,75.940002,73.199997,73.660004,23803200,70.355583
"2018-03-02",73.169998,73.870003,71.879997,73.68,21061200,70.374672
"2018-03-05",73.07,74.940002,72.699997,74.419998,16814600,71.08149
"2018-03-06",74.93,74.989998,73.75,74.059998,14891200,70.737625
"2018-03-07",73.18,74.080002,72.860001,73.919998,14654900,70.603905
"2018-03-08",74.139999,74.230003,73.129997,74.110001,10878600,70.785393
"2018-03-09",74.949997,76.370003,74.599998,76.110001,15939200,72.695663
"2018-03-12",75.949997,76.529999,75.919998,76.019997,13398200,72.609695
"2018-03-13",76.139999,76.410004,74.660004,74.910004,12636600,71.5495
"2018-03-14",75.279999,75.290001,73.32,73.470001,18485700,70.17411
"2018-03-15",73.779999,73.870003,73.010002,73.339996,13334000,70.049919
"2018-03-16",73.169998,74.139999,73.150002,73.470001,33033700,70.17411
"2018-03-19",73.470001,73.5,71.919998,72.699997,15131400,69.438644
"2018-03-20",73.050003,73.529999,72.709999,72.919998,13113500,69.648781
"2018-03-21",73.18,74.269997,72.690002,73.32,16374700,70.030838
"2018-03-22",72.330002,72.480003,69.870003,70.309998,27652300,67.155861
"2018-03-23",70.32,70.470001,67.75,67.900002,31458900,64.853981
"2018-03-26",69.110001,70.010002,68.290001,69.779999,19156100,66.649635
"2018-03-27",70.239998,70.620003,67.610001,68.279999,21610800,65.216919
"2018-03-28",68.480003,69.040001,67.529999,68.260002,21712000,65.19783
"2018-03-29",68.519997,69.669998,67.5,67.5,22621300,64.471916
"2018-04-02",68.330002,69.040001,66.550003,67.709999,29975600,64.672493
"2018-04-03",68.050003,68.660004,67.419998,68.480003,18822600,65.407951
"2018-04-04",67.160004,69.559998,67.050003,69.309998,15651300,66.200722
"2018-04-05",70.07,70.809998,69.900002,70.220001,16120700,67.069901
"2018-04-06",69.519997,70.290001,67.93,68.599998,21543500,65.522583
"2018-04-09",69.059998,70.940002,68.989998,69.440002,17036500,66.32489
"2018-04-10",71.050003,71.239998,70.290001,70.510002,16022300,67.346893
"2018-04-11",69.970001,70.599998,69.550003,69.889999,15645500,66.754692
"2018-04-12",70.470001,72.5,70.470001,72.129997,24488100,68.894218
"2018-04-13",73.209999,73.379997,69.830002,71.010002,31356000,67.824463
"2018-04-16",71.089996,71.339996,69.760002,70.07,18877000,66.926636
"2018-04-17",70.650002,70.93,69.470001,69.739998,18233400,66.61142
"2018-04-18",69.809998,70.360001,68.849998,68.980003,15382900,65.885521
"2018-04-19",69.099998,70.610001,69.099998,70.279999,15531600,67.127197
"2018-04-20",70.400002,70.839996,69.75,70,17629900,66.859772
"2018-04-23",70,70.269997,69.400002,69.480003,11596400,66.363098
"2018-04-24",69.760002,70.620003,68.400002,69.120003,16233700,66.019249
"2018-04-25",68.769997,69.769997,68.050003,69.360001,16059700,66.248482
"2018-04-26",69.110001,69.589996,68.900002,69.18,13829700,66.076561
"2018-04-27",69,69.440002,68.739998,68.989998,10420100,65.895081
"2018-04-30",69.199997,69.589996,68.25,68.269997,12237900,65.207367
"2018-05-01",68.239998,68.290001,67.419998,68.25,11602700,65.188271
"2018-05-02",67.949997,69.019997,67.75,67.989998,15287300,64.939941
"2018-05-03",67.800003,68.230003,66.550003,67.940002,16325500,64.892174
"2018-05-04",67.050003,68.269997,66.970001,67.940002,12512000,65.199272
"2018-05-07",68.269997,68.669998,68.139999,68.5,11801800,65.736687
"2018-05-08",69.650002,71.449997,69.389999,71,23603200,68.135841
"2018-05-09",71.230003,72,70.760002,71.949997,15900700,69.047501
"2018-05-10",71.959999,72.93,71.589996,72.57,11488900,69.642487
"2018-05-11",72.529999,73.239998,72.459999,72.860001,11531400,69.920792
"2018-05-14",72.93,73.300003,72.5,72.620003,12615500,69.690475
"2018-05-15",72.510002,73.019997,72.360001,72.68,12483300,69.748055
"2018-05-16",72.440002,72.760002,71.809998,71.949997,11796000,69.047501
"2018-05-17",71.730003,72.040001,71.07,71.559998,14876000,68.673225
"2018-05-18",71.260002,71.32,69.889999,69.959999,16160700,67.137779
"2018-05-21",70.650002,70.870003,70.300003,70.43,9798500,67.588821
"2018-05-22",70.790001,71.690002,70.510002,71.080002,14147100,68.212608
"2018-05-23",70.650002,70.699997,69.230003,70.239998,13626700,67.406479
"2018-05-24",69.839996,69.889999,68.489998,69.309998,16553700,66.514
"2018-05-25",68.93,68.93,68.209999,68.440002,16008700,65.679108
"2018-05-29",67.120003,67.5,65.199997,65.709999,37721400,63.059231
"2018-05-30",66.559998,66.879997,66.150002,66.68,19040500,63.990105
"2018-05-31",66.550003,66.949997,65.75,66.690002,22633000,63.999702
"2018-06-01",67.489998,68.029999,67.080002,67.279999,14914400,64.565887
"2018-06-04",67.440002,67.769997,67,67.339996,10468900,64.623466
"2018-06-05",67.080002,67.089996,66.459999,66.760002,14072700,64.066872
"2018-06-06",67.209999,68.419998,67.099998,68.230003,14862400,65.477562
"2018-06-07",68.93,69,67.970001,68.449997,16505300,65.688705
"2018-06-08",68.129997,68.519997,67.769997,68.470001,11609500,65.707893
"2018-06-11",68.919998,69.169998,68.07,68.110001,13941500,65.362411
"2018-06-12",68.260002,68.57,67.440002,67.610001,13737100,64.882584
"2018-06-13",67.82,68.410004,67.220001,67.290001,17531500,64.5755
"2018-06-14",67.559998,67.610001,65.949997,66.160004,24035400,63.491074
"2018-06-15",66.32,66.620003,65.239998,66.339996,29314800,63.663799
"2018-06-18",65.75,66.809998,65.379997,66.75,13680800,64.057281
"2018-06-19",66.029999,66.910004,65.949997,66.779999,16892800,64.086067
"2018-06-20",67.720001,67.949997,67.129997,67.379997,16697100,64.661858
"2018-06-21",67.160004,68.089996,66.699997,67.629997,16545800,64.901764
"2018-06-22",68.040001,68.209999,67.160004,67.199997,16059900,64.489113
"2018-06-25",66.790001,66.879997,65.339996,65.75,21426600,63.097618
"2018-06-26",65.510002,66.690002,64.379997,66.309998,22613700,63.635025
"2018-06-27",66.220001,67.559998,65.440002,65.459999,20917500,62.819317
"2018-06-28",65.980003,67.129997,65.559998,66.879997,19860100,64.182022
"2018-06-29",68,68.769997,66.879997,66.919998,24193900,64.220413
"2018-07-02",66.209999,67.160004,65.940002,67.160004,12699100,64.450737
"2018-07-03",67.449997,67.489998,65.940002,66.059998,12346000,63.395111
"2018-07-05",66.440002,66.830002,66.220001,66.559998,12359000,63.874939
"2018-07-06",66.220001,67.339996,65.900002,67.139999,13174900,64.431549
"2018-07-09",67.5,69.050003,67.489998,68.940002,15148500,66.158928
"2018-07-10",69.230003,69.349998,67.949997,68.230003,17057700,65.477562
"2018-07-11",67.970001,68.459999,67.839996,67.910004,13262800,65.170479
"2018-07-12",68.360001,68.599998,67.940002,68.510002,13345200,65.746277
"2018-07-13",67.989998,68.300003,66.220001,67,34054000,64.297188
"2018-07-16",67.360001,69.709999,67.279999,69.459999,26659900,66.657951
"2018-07-17",69.5,69.870003,68.800003,69.349998,17262800,66.552391
"2018-07-18",69.220001,70.260002,69.220001,69.849998,16321200,67.032219
"2018-07-19",69.5,69.559998,68.559998,68.989998,14833900,66.206909
"2018-07-20",68.790001,69.559998,68.529999,69.220001,12017500,66.427628
"2018-07-23",69.160004,70.449997,69.010002,70.209999,15764000,67.377686
"2018-07-24",70.400002,71.470001,70.290001,71.07,21883800,68.203011
"2018-07-25",70.82,71.75,70.75,71.720001,14232700,68.826782
"2018-07-26",71.75,71.910004,71.25,71.339996,11169200,68.462105
"2018-07-27",71.360001,71.82,71.160004,71.690002,11194100,68.797997
"2018-07-30",71.860001,72.790001,71.800003,72.290001,16339100,69.373795
"2018-07-31",72.199997,72.370003,71.629997,71.889999,13608100,68.989929
"2018-08-01",72.5,73.080002,71.900002,71.93,13612200,69.028305
"2018-08-02",71.339996,71.93,71.019997,71.839996,13248600,68.941933
"2018-08-03",71.639999,72.519997,71.57,72.389999,13680000,69.907646
"2018-08-06",72.160004,72.650002,71.93,72.400002,10121400,69.917305
"2018-08-07",72.57,72.910004,72.389999,72.410004,12991100,69.926964
"2018-08-08",72.139999,73.209999,72.059998,72.889999,10178900,70.390511
"2018-08-09",72.440002,72.650002,71.889999,71.980003,11044200,69.511711
"2018-08-10",70.629997,70.900002,69.900002,70.260002,20240100,67.850693
"2018-08-13",70.199997,70.360001,69.059998,69.160004,16926100,66.788406
"2018-08-14",69.300003,70.199997,69.25,70.010002,12668200,67.609268
"2018-08-15",69.230003,69.43,68.080002,68.650002,18952300,66.295898
"2018-08-16",69.160004,69.889999,69.089996,69.559998,13439600,67.17469
"2018-08-17",69.419998,69.870003,69.25,69.669998,10329600,67.280922
"2018-08-20",69.459999,70.699997,69.379997,70.529999,11233300,68.111427
"2018-08-21",70.629997,71.650002,70.580002,71.239998,12261100,68.797089
"2018-08-22",71.160004,71.419998,70.970001,71.120003,7297600,68.681198
"2018-08-23",71.029999,71.209999,70.639999,70.809998,8310000,68.381821
"2018-08-24",70.599998,71.260002,70.510002,70.669998,8760000,68.246628
"2018-08-27",71.07,72.650002,70.940002,72.389999,13545300,69.907646
"2018-08-28",72.57,72.75,72.220001,72.379997,9688600,69.897987
"2018-08-29",72.300003,72.839996,72.019997,72.529999,7146800,70.042854
"2018-08-30",72.089996,72.360001,71.330002,71.459999,13197700,69.009544
"2018-08-31",71.050003,71.290001,70.589996,71.239998,11898200,68.797089
"2018-09-04",70.989998,71.580002,70.370003,71.400002,10108500,68.951599
"2018-09-05",71.199997,71.779999,71.139999,71.169998,13138100,68.729477
"2018-09-06",70.93,71.110001,69.919998,70.110001,15207100,67.705833
"2018-09-07",70.339996,70.449997,69.470001,69.639999,15180600,67.251945
"2018-09-10",69.980003,70.279999,69.620003,69.629997,12353600,67.242287
"2018-09-11",69.260002,69.709999,68.910004,69.43,12650000,67.049149
"2018-09-12",70.959999,71.650002,70.510002,70.510002,17434900,68.092125
"2018-09-13",70.900002,71.699997,70.029999,70.150002,13569000,67.744461
"2018-09-14",70.18,70.879997,70.150002,70.540001,9653300,68.121094
"2018-09-17",70.790001,71.449997,70.400002,70.879997,11323000,68.449432
"2018-09-18",71.300003,71.589996,70.599998,71.360001,11457100,68.912979
"2018-09-19",71.540001,74.129997,71.540001,73.720001,21766100,71.192039
"2018-09-20",74.5,75.010002,74.260002,74.790001,23550500,72.225357
"2018-09-21",74.980003,75.239998,73.970001,74.150002,28874700,71.6073
"2018-09-24",74.080002,74.529999,73.120003,73.839996,14023100,71.307922
"2018-09-25",74.220001,74.529999,73.470001,73.510002,12324300,70.98925
"2018-09-26",73.519997,73.989998,72.370003,72.449997,15060000,69.965591
"2018-09-27",72.900002,73.620003,72.379997,72.949997,11420600,70.448448
"2018-09-28",72.059998,72.43,71.480003,71.739998,14341900,69.279938
"2018-10-01",72.239998,72.860001,71.760002,71.93,11263700,69.463425
"2018-10-02",71.510002,72.18,71.029999,71.800003,12746900,69.337883
"2018-10-03",72.540001,72.839996,72.019997,72.360001,11977900,69.878685
"2018-10-04",72.779999,73.980003,72.019997,72.620003,18956800,70.129761
"2018-10-05",72.949997,73.120003,72.07,72.419998,11481400,69.936623
"2018-10-08",71.690002,72.980003,71.519997,72.589996,11958200,70.100784
"2018-10-09",72.059998,72.699997,71.410004,71.889999,15654500,69.424797
"2018-10-10",72.07,72.5,69.870003,69.949997,23679600,67.551308
"2018-10-11",69.139999,70.650002,68.360001,68.379997,28890800,66.035156
"2018-10-12",70.449997,71.230003,68.410004,69.839996,29024200,67.445091
"2018-10-15",70.129997,70.639999,69.18,69.209999,17661300,66.836693
"2018-10-16",69.889999,70.040001,69.169998,69.709999,15453500,67.319542
"2018-10-17",69.349998,70.790001,69.029999,69.839996,16774200,67.445091
"2018-10-18",69.540001,70.389999,68.410004,68.620003,18168500,66.26693
"2018-10-19",68.540001,69.599998,68.160004,68.860001,16721900,66.498695
"2018-10-22",68.889999,69.209999,66.57,66.589996,17890900,64.306534
"2018-10-23",64.150002,66.080002,63.18,65.730003,32809200,63.476036
"2018-10-24",65.410004,65.410004,63.59,63.799999,23420600,61.612206
"2018-10-25",64.769997,65.510002,64.330002,64.970001,19510300,62.742092
"2018-10-26",64.169998,64.739998,63.18,64.209999,24066300,62.008152
"2018-10-29",65.059998,65.620003,63.68,64.349998,20036800,62.143345
"2018-10-30",64.599998,65.190002,63.810001,64.529999,19951900,62.317181
"2018-10-31",65.010002,66.209999,64.839996,65.459999,20450300,63.21529
"2018-11-01",66.089996,66.440002,65.199997,65.830002,17744100,63.572605
"2018-11-02",66.07,66.919998,65.580002,65.919998,21214800,64.097672
"2018-11-05",66.300003,67.470001,66.260002,67.300003,14823900,65.439529
"2018-11-06",67.309998,67.309998,66.169998,66.68,17049600,64.83667
"2018-11-07",67.290001,68.309998,66.699997,68.260002,15529300,66.372986
"2018-11-08",67.940002,69,66.849998,67.779999,18908100,65.90625
"2018-11-09",67.199997,67.489998,65.18,65.760002,27125800,63.942108
"2018-11-12",65.559998,65.980003,64.07,64.209999,16424200,62.434948
"2018-11-13",64.379997,65.440002,64.32,64.779999,14121300,62.989185
"2018-11-14",65.389999,65.790001,62.84,63.5,19754600,61.744572
"2018-11-15",62.970001,64.720001,62.34,64.599998,19202300,62.814163
"2018-11-16",64.489998,64.970001,64.019997,64.949997,15995200,63.154491
"2018-11-19",65.080002,65.540001,64.199997,64.620003,12227400,62.833614
"2018-11-20",63.82,64.010002,62.150002,62.529999,21024000,60.801388
"2018-11-21",62.759998,63.830002,62.669998,62.869999,12380200,61.131992
"2018-11-23",62.330002,62.439999,61.720001,61.75,7316500,60.042953
"2018-11-26",62.669998,63.919998,62.5,63.73,19065100,61.968216
"2018-11-27",63.349998,63.84,62.75,63.459999,12867900,61.705677
"2018-11-28",63.639999,65.650002,62.91,65.580002,17719000,63.767071
"2018-11-29",65.089996,65.559998,64.660004,64.900002,12914200,63.105873
"2018-11-30",64.370003,65,64.110001,64.790001,14207800,62.998917
"2018-12-03",66.040001,66.459999,64.809998,65.160004,14255500,63.358692
"2018-12-04",64.580002,64.639999,61.119999,62.259998,27104500,60.538849
"2018-12-06",59.360001,60.09,58.360001,60.060001,37802600,58.399673
"2018-12-07",59.720001,60.720001,58.139999,58.349998,24282100,56.736942
"2018-12-10",57.950001,58.310001,55.830002,57.07,30695800,55.492329
"2018-12-11",58.169998,58.330002,55.900002,56.220001,23712500,54.665829
"2018-12-12",57.130001,57.150002,55.849998,55.98,24941600,54.432461
"2018-12-13",56.380001,56.439999,55.41,55.77,27670700,54.228268
"2018-12-14",54.73,56.360001,54.630001,55.02,22839300,53.499001
"2018-12-17",54.849998,55.93,53.919998,54.25,26212500,52.750286
"2018-12-18",54.720001,55.669998,53.549999,53.93,27302000,52.439133
"2018-12-19",53.900002,55.400002,52.18,52.82,31483100,51.359814
"2018-12-20",52.209999,53.25,51.720001,52.27,39800000,50.82502
"2018-12-21",51.900002,52.560001,49.880001,50.240002,52323000,48.851143
"2018-12-24",49.400002,50.25,48.48,49.259998,21970800,47.898232
"2018-12-26",49.650002,51.450001,48.419998,51.439999,32005600,50.017963
"2018-12-27",50.619999,51.77,49.700001,51.77,28573400,50.338848
"2018-12-28",51.93,52.549999,51.57,51.830002,23176900,50.397186
"2018-12-31",51.98,52.669998,51.389999,52.060001,19317500,50.620831
"2019-01-02",50.68,53.740002,50.669998,53.529999,21646300,52.050186
"2019-01-03",53.41,53.619999,52.220001,52.560001,21183000,51.107002
"2019-01-04",54.009998,55.380001,53.66,55.130001,24205100,53.605961
"2019-01-07",55.330002,56.209999,54.799999,55.610001,20634100,54.072693
"2019-01-08",56.029999,56.189999,54.759998,55.459999,18840100,53.926834
"2019-01-09",55.709999,56.740002,55.610001,56.380001,19359100,54.821404
"2019-01-10",55.990002,56.959999,55.700001,56.439999,16910000,54.879742
"2019-01-11",56.459999,57.419998,56.029999,56.689999,23087500,55.122833
"2019-01-14",56.099998,59.299999,55.700001,58.93,34783400,57.300907
"2019-01-15",59.889999,61.82,59.549999,61.380001,42694200,59.683182
"2019-01-16",61.950001,62.82,61.240002,62.189999,27628900,60.470787
"2019-01-17",61.630001,62.75,61.330002,62.470001,22728900,60.74305
"2019-01-18",62.860001,63.189999,62.009998,63.119999,19947300,61.375076
"2019-01-22",62.669998,62.810001,61.43,61.849998,24608700,60.140186
"2019-01-23",62.27,62.48,61.150002,62.130001,16819800,60.412445
"2019-01-24",61.740002,62.919998,61.740002,62.709999,14962200,60.976414
"2019-01-25",63.330002,64.449997,63.23,64.019997,15827200,62.250195
"2019-01-28",63.189999,64.059998,63.099998,63.849998,12683500,62.084896
"2019-01-29",63.709999,64.07,63.150002,63.209999,13472000,61.462593
"2019-01-30",63.459999,64.739998,62.990002,64.220001,15929600,62.444672
"2019-01-31",63.650002,64.599998,63.639999,64.459999,19442600,62.678032
"2019-02-01",64.25,64.660004,63.59,63.669998,16991700,62.345108
"2019-02-04",63.5,64.059998,63.200001,64.059998,11515500,62.72699
"2019-02-05",64.190002,64.199997,63.349998,63.810001,13310900,62.482201
"2019-02-06",63.830002,64.610001,63.560001,63.889999,13774300,62.560528
"2019-02-07",63.610001,63.630001,61.91,62.810001,17922400,61.503006
"2019-02-08",62.130001,62.52,61.009998,62.009998,15770800,60.71965
"2019-02-11",62.41,62.43,61.419998,61.610001,14614100,60.327976
"2019-02-12",62.150002,63.34,62.150002,62.669998,14347400,61.365921
"2019-02-13",63.299999,63.75,62.970001,63.040001,10710500,61.728222
"2019-02-14",62.349998,62.860001,61.419998,62.419998,12855300,61.121117
"2019-02-15",63.139999,64.580002,63.009998,64.269997,17908900,62.932621
"2019-02-19",63.73,64.650002,63.52,64.379997,11013900,63.040333
"2019-02-20",64.5,64.699997,64.139999,64.639999,10545000,63.294922
"2019-02-21",64.550003,64.940002,64.040001,64.32,10696100,62.981583
"2019-02-22",64.629997,65.139999,63.84,64.139999,14003800,62.805328
"2019-02-25",64.589996,65.43,64.449997,64.529999,12853000,63.187218
"2019-02-26",64.089996,64.669998,63.889999,64.120003,12912800,62.785748
"2019-02-27",64.239998,64.580002,63.68,64.400002,13495700,63.059917
"2019-02-28",64.459999,64.660004,63.84,63.98,14209300,62.648663
"2019-03-01",64.779999,65.690002,64.110001,64.470001,14376000,63.128464
"2019-03-04",64.529999,65.300003,63.110001,63.75,15786600,62.423447
"2019-03-05",63.66,63.66,61.91,62.93,18754900,61.62051
"2019-03-06",62.700001,63.07,62.099998,62.509998,12711200,61.209244
"2019-03-07",62.029999,62.119999,61.209999,61.900002,15788900,60.611942
"2019-03-08",60.959999,62.119999,60.759998,62.060001,14304400,60.768616
"2019-03-11",62.529999,62.959999,62.18,62.310001,14167600,61.013409
"2019-03-12",62.299999,62.939999,61.959999,62.810001,14772000,61.503006
"2019-03-13",63.139999,64.230003,63,63.650002,13781100,62.325527
"2019-03-14",63.689999,64.269997,63.419998,64.110001,12193600,62.775955
"2019-03-15",64.160004,65.269997,64.019997,65.190002,37840300,63.833477
"2019-03-18",65.209999,66.18,65.209999,65.93,15601100,64.558083
"2019-03-19",66.459999,66.830002,65.349998,65.629997,12723600,64.264328
"2019-03-20",65.260002,65.599998,64.220001,64.300003,17494000,62.962006
"2019-03-21",63.669998,64.309998,62.919998,63.91,18638300,62.580116
"2019-03-22",62.98,63.23,60.450001,60.98,27527400,59.711082
"2019-03-25",60.98,61.66,60.049999,60.330002,20899300,59.074612
"2019-03-26",60.990002,61.349998,60.529999,61.220001,14740300,59.946095
"2019-03-27",61.380001,61.66,60.720001,60.73,16359600,59.466286
"2019-03-28",60.950001,62,60.82,61.98,12081000,60.690281
"2019-03-29",62.330002,62.810001,61.959999,62.220001,13406300,60.925282
"2019-04-01",62.849998,64.629997,62.82,64.360001,17736300,63.020752
"2019-04-02",64.239998,64.860001,63.919998,64.419998,9915800,63.079502
"2019-04-03",64.989998,65.349998,64.529999,65.059998,11560800,63.706181
"2019-04-04",64.809998,66.199997,64.809998,65.82,11915700,64.450371
"2019-04-05",65.93,66.410004,65.190002,65.550003,11062400,64.185997
"2019-04-08",65.129997,66.099998,65.019997,66.07,10466400,64.695168
"2019-04-09",65.599998,65.599998,64.68,65.199997,10221000,63.843273
"2019-04-10",65.480003,65.690002,64.779999,65.519997,12293300,64.156616
"2019-04-11",65.800003,66.440002,65.309998,65.910004,11358700,64.538506
"2019-04-12",67.080002,68.309998,66.639999,67.419998,19238700,66.017075
"2019-04-15",67.389999,67.779999,66.269997,67.379997,19493900,65.977905
"2019-04-16",67.5,69.419998,67.389999,69.309998,18635700,67.867752
"2019-04-17",69.949997,70.75,69.559998,70.349998,20509000,68.886108
"2019-04-18",70.010002,70.389999,69.620003,69.669998,13513800,68.220261
"2019-04-22",69.580002,69.709999,69.010002,69.089996,13195600,67.652328
"2019-04-23",68.839996,69.300003,68.379997,69.199997,13205000,67.76004
"2019-04-24",68.989998,69.220001,68.400002,68.830002,9699900,67.397736
"2019-04-25",68.559998,69.18,68.150002,68.730003,8913600,67.29982
"2019-04-26",68.900002,69.580002,68.510002,69.510002,10692700,68.063583
"2019-04-29",69.690002,71.940002,69.580002,71.029999,16491400,69.551956
"2019-04-30",71.019997,71.330002,70.220001,70.699997,11122000,69.228821
"2019-05-01",70.68,71.169998,69.739998,69.959999,13261700,68.504227
"2019-05-02",69.739998,70.480003,69.480003,70.360001,12186700,68.895897
"2019-05-03",70.389999,70.980003,70,70.669998,11486700,69.644875
"2019-05-06",69.050003,70.669998,68.760002,70.410004,12004000,69.388649
"2019-05-07",69.349998,69.5,67.620003,68.160004,17673400,67.171288
"2019-05-08",67.879997,68.849998,67.709999,68.220001,9470500,67.230415
"2019-05-09",66.830002,67.860001,66.43,67.629997,16994200,66.648972
"2019-05-10",67.269997,68.099998,66.529999,67.900002,12318700,66.915054
"2019-05-13",66.129997,66.330002,63.959999,64.379997,23494400,63.446117
"2019-05-14",64.620003,65.970001,64.349998,65.260002,15096400,64.313354
"2019-05-15",64.459999,65.220001,64.019997,64.870003,14570900,63.929016
"2019-05-16",65.309998,66.389999,65.169998,65.980003,10573100,65.022911
"2019-05-17",64.970001,65.93,64.889999,65.07,11503500,64.126106
"2019-05-20",64.75,65.5,64.519997,64.959999,11605900,64.017708
"2019-05-21",65.5,66.089996,65.199997,66.080002,11051500,65.12146
"2019-05-22",65.839996,65.919998,64.639999,64.660004,12564900,63.722061
"2019-05-23",63.82,63.939999,63.080002,63.900002,15042200,62.973083
"2019-05-24",64.290001,64.709999,64.059998,64.389999,9715400,63.455971
"2019-05-28",64.089996,64.449997,63.759998,63.790001,14727400,62.864677
"2019-05-29",63.150002,63.830002,62.720001,63.709999,13836300,62.785835
"2019-05-30",64.769997,65.25,63.25,63.610001,13570900,62.68729
"2019-05-31",62.389999,62.869999,61.970001,62.150002,19968900,61.24847
"2019-06-03",62.099998,62.779999,61.939999,62.610001,19636800,61.701794
"2019-06-04",63.790001,65.940002,63.759998,65.879997,17743100,64.924355
"2019-06-05",65.449997,66.019997,64.5,65.779999,12536300,64.825813
"2019-06-06",65.82,66.769997,65.5,66.470001,10868900,65.505806
"2019-06-07",66.160004,66.800003,65.620003,65.690002,11674200,64.737122
"2019-06-10",66.879997,67.980003,66.730003,67.120003,10994700,66.146378
"2019-06-11",67.580002,68.029999,67.160004,67.879997,9800900,66.895348
"2019-06-12",67.650002,67.809998,66.629997,66.809998,9877700,65.840866
"2019-06-13",66.830002,67.440002,66.769997,67.080002,9453600,66.106949
"2019-06-14",67.150002,67.720001,66.5,67.480003,8901900,66.501152
"2019-06-17",67.5,67.510002,66.400002,66.540001,8135900,65.574783
"2019-06-18",66.809998,68.25,66.5,67.980003,12199100,66.993904
"2019-06-19",68.160004,68.589996,67.580002,67.589996,12334800,66.60955
"2019-06-20",68.559998,68.720001,67.239998,68.099998,15557100,67.11216
"2019-06-21",68.029999,68.959999,67.82,67.970001,19502500,66.984047
"2019-06-24",67.82,68.5,67.379997,67.410004,11223700,66.432167
"2019-06-25",67.459999,67.480003,66.480003,66.540001,14205600,65.574783
"2019-06-26",67.040001,67.720001,66.769997,67.220001,13654100,66.244919
"2019-06-27",67.620003,68.43,67.529999,68.150002,11989100,67.161438
"2019-06-28",69.279999,70.209999,69.129997,70.029999,20388700,69.01416
"2019-07-01",70.860001,71.639999,70.190002,70.739998,13596400,69.71386
"2019-07-02",70.360001,70.980003,70.089996,70.440002,10272200,69.418213
"2019-07-03",70.709999,71.199997,70.279999,70.849998,7632400,69.822266
"2019-07-05",71.269997,71.800003,70.980003,71.400002,9107300,70.364288
"2019-07-08",70.760002,71.690002,70.639999,71.129997,10196000,70.098198
"2019-07-09",70.529999,71.669998,70.410004,71.559998,9477700,70.521965
"2019-07-10",71.5,71.940002,70.650002,71.129997,12153200,70.098198
"2019-07-11",71.43,72,71.089996,71.610001,10739400,70.571243
"2019-07-12",71.889999,72.019997,71.580002,71.769997,15355700,70.728912
"2019-07-15",71.730003,72.150002,70.080002,71.709999,23365800,70.669792
"2019-07-16",71.699997,72,71.089996,71.32,16516600,70.285446
"2019-07-17",71.190002,71.5,70.620003,70.82,12278200,69.792694
"2019-07-18",70.540001,71.900002,70.480003,71.790001,13409900,70.748634
"2019-07-19",71.730003,72.169998,70.860001,70.919998,11184600,69.891251
"2019-07-22",70.720001,71.290001,70.68,71.110001,7930600,70.078499
"2019-07-23",71.330002,72.18,71.300003,71.989998,11804300,70.945724
"2019-07-24",71.660004,73.080002,71.660004,73.010002,12512900,71.950935
"2019-07-25",72.959999,73.080002,70.93,71.389999,15698300,70.354431
"2019-07-26",72.150002,72.639999,71.849998,72.160004,10625900,71.113266
"2019-07-29",71.910004,72.339996,71.730003,71.760002,8561200,70.719063
"2019-07-30",71.029999,71.709999,70.580002,71.709999,9208300,70.669792
"2019-07-31",71.400002,71.660004,70.809998,71.160004,13617300,70.127769
"2019-08-01",70.669998,71.089996,67.599998,68.349998,22571000,67.358528
"2019-08-02",67.610001,68.059998,66.629997,67.610001,14771400,67.130165
"2019-08-05",65.599998,65.82,64.580002,65.18,21144800,64.717407
"2019-08-06",66,66.330002,64.830002,66.25,12411500,65.779816
"2019-08-07",64.629997,65.32,63.639999,65.139999,18418300,64.677696
"2019-08-08",65.849998,66.790001,65.629997,66.739998,13577900,66.266335
"2019-08-09",66.330002,66.57,65.209999,66.050003,13604600,65.581238
"2019-08-12",64.610001,64.790001,63.84,64.239998,12555100,63.784077
"2019-08-13",63.900002,65.959999,63.509998,64.830002,19056700,64.369896
"2019-08-14",62.880001,63.040001,61.18,61.41,29370700,60.974167
"2019-08-15",61.98,62.369999,60.720001,61.32,16340400,60.884804
"2019-08-16",61.93,63.66,61.849998,63.48,16450700,63.029472
"2019-08-19",64.82,64.910004,64.160004,64.309998,13312700,63.85358
"2019-08-20",63.720001,64.080002,63.349998,63.419998,9815800,62.969898
"2019-08-21",64.129997,64.169998,63.060001,63.25,14692900,62.801105
"2019-08-22",63.810001,64.209999,63.41,63.91,9718500,63.456421
"2019-08-23",63.279999,64.129997,61.52,61.950001,17997900,61.510334
"2019-08-26",62.57,62.82,62.169998,62.720001,10628800,62.274868
"2019-08-27",63.009998,63.099998,61.16,61.66,17219300,61.222389
"2019-08-28",61.299999,62.799999,61.299999,62.360001,12343500,61.917423
"2019-08-29",63.310001,64.230003,63.099998,63.900002,11478200,63.446495
"2019-08-30",64.339996,64.82,64.190002,64.349998,11844600,63.893299
"2019-09-03",64,64.040001,62.32,63.419998,11991500,62.969898
"2019-09-04",64,64.480003,63.84,64.279999,9689800,63.823795
"2019-09-05",65.650002,67.279999,65.610001,66.339996,14723500,65.869171
"2019-09-06",66.190002,66.5,65.75,65.970001,10476000,65.501801
"2019-09-09",66.760002,69.300003,66.690002,68.790001,20193300,68.301788
"2019-09-10",69.18,70.010002,68.449997,68.980003,18146200,68.49044
"2019-09-11",68.720001,69.209999,68.110001,68.900002,11858800,68.411011
"2019-09-12",68.110001,70.059998,67.93,69.300003,15528700,68.808174
"2019-09-13",70.339996,70.739998,69.849998,70.389999,14313100,69.890434
"2019-09-16",68.959999,70.110001,68.959999,69.830002,12063700,69.334412
"2019-09-17",69.779999,69.779999,68.669998,69.480003,10916900,68.986893
"2019-09-18",69.209999,70.349998,68.959999,70.089996,11234500,69.59256
"2019-09-19",70.059998,70.470001,69.589996,69.730003,10069100,69.235123
"2019-09-20",70.150002,70.540001,69.330002,69.349998,26002100,68.857811
"2019-09-23",68.620003,69.699997,68.610001,69.550003,9546300,69.056396
"2019-09-24",69.5,69.57,67.559998,67.900002,16801900,67.418106
"2019-09-25",67.910004,69.699997,67.870003,69.379997,12243000,68.887596
"2019-09-26",69.32,69.529999,68.800003,69.110001,8555500,68.619522
"2019-09-27",69.82,70.360001,69.059998,69.459999,11559700,68.967033
"2019-09-30",69.800003,69.900002,69.010002,69.080002,8661000,68.589729
"2019-10-01",69.57,70.269997,68.010002,68.150002,12428500,67.666336
"2019-10-02",67.760002,67.800003,66.190002,66.260002,14760900,65.789749
"2019-10-03",66.080002,66.730003,64.790001,66.699997,12646100,66.226616
"2019-10-04",66.760002,68.239998,66.669998,68.18,10977100,67.696121
"2019-10-07",67.870003,68.839996,67.860001,68.150002,7835500,67.666336
"2019-10-08",67.029999,67.18,66.029999,66.400002,13500700,65.928749
"2019-10-09",67,67.769997,66.790001,67.43,8357800,66.951439
"2019-10-10",67.769997,69.290001,67.550003,68.620003,9817000,68.132996
"2019-10-11",69.989998,70.93,69.989998,70.099998,14921700,69.602493
"2019-10-14",69.529999,70.5,69.459999,70.239998,11398600,69.741493
"2019-10-15",70.169998,72.080002,68.699997,71.220001,22030100,70.714546
"2019-10-16",70.82,71.459999,69.419998,69.5,17295400,69.006752
"2019-10-17",70.029999,70.339996,69.18,69.599998,11382800,69.106041
"2019-10-18",69.32,70.089996,69.139999,69.739998,10413600,69.245041
"2019-10-21",70.519997,71.889999,70.519997,71.809998,13080600,71.300354
"2019-10-22",71.720001,72.870003,71.470001,72.059998,11052300,71.548576
"2019-10-23",71.900002,72.470001,71.730003,72.449997,10327000,71.935814
"2019-10-24",72.550003,72.860001,71.860001,72.300003,7445700,71.78688
"2019-10-25",71.970001,73.419998,71.809998,73.169998,10497600,72.650703
"2019-10-28",73.730003,74.279999,73.440002,73.589996,13086800,73.067719
"2019-10-29",73.139999,73.790001,72.720001,73.089996,9592300,72.571266
"2019-10-30",72.75,73.349998,72.099998,72.970001,12431500,72.452126
"2019-10-31",72.360001,72.970001,71.330002,71.860001,16864000,71.349998
"2019-11-01",72.25,73.989998,72.099998,73.839996,12935200,73.839996
"2019-11-04",74.940002,75.269997,74.110001,75.150002,12585200,75.150002
"2019-11-05",75.190002,75.970001,74.639999,74.830002,14403200,74.830002
"2019-11-06",74.419998,75.050003,73.970001,74.419998,12629200,74.419998
"2019-11-07",75.410004,76.279999,75.410004,75.809998,14340500,75.809998
"2019-11-08",75.480003,76.120003,75.059998,76.120003,7927100,76.120003
"2019-11-11",75.449997,76.080002,75.239998,75.599998,6020300,75.599998
"2019-11-12",75.550003,75.959999,75.010002,75.07,11066600,75.07
"2019-11-13",74.25,74.910004,73.709999,73.910004,14040700,73.910004
"2019-11-14",73.610001,74.010002,73.330002,73.839996,9446800,73.839996
"2019-11-15",74.339996,74.459999,73.68,74.400002,10294000,74.400002
"2019-11-18",74.290001,74.639999,73.559998,74.400002,8525700,74.400002
"2019-11-19",74.970001,75.239998,74.470001,74.82,9095500,74.82
"2019-11-20",74.629997,74.720001,73.220001,73.910004,12799900,73.910004
"2019-11-21",74.080002,74.629997,73.510002,73.900002,8585100,73.900002
"2019-11-22",74.099998,74.919998,73.970001,74.870003,7910700,74.870003
"2019-11-25",74.93,75.849998,74.870003,75.68,11497700,75.68
"2019-11-26",75.839996,75.839996,74.82,75.459999,11306000,75.459999
"2019-11-27",75.839996,76.129997,75.5,75.720001,7592100,75.720001
