"","600639.SS.Open","600639.SS.High","600639.SS.Low","600639.SS.Close","600639.SS.Volume","600639.SS.Adjusted"
"2007-01-04",10.8182,10.9636,10.1364,10.2636,13089679,8.828354
"2007-01-05",10.2727,10.3364,9.87273,9.95455,6022959,8.562518
"2007-01-08",9.95455,10.7727,9.91818,10.6364,8308553,9.149018
"2007-01-09",10.6273,11.3091,10.4545,10.9636,13192443,9.430463
"2007-01-10",10.9727,12.0636,10.8182,11.9909,18060041,10.314106
"2007-01-11",11.8182,12.0636,11.4818,11.5455,9419465,9.93099
"2007-01-12",11.4364,11.8182,10.8182,10.8636,6387970,9.344448
"2007-01-15",10.9182,11.7455,10.8182,11.7364,7178978,10.095195
"2007-01-16",11.8182,12.2273,11.4545,12.1364,10797063,10.439263
"2007-01-17",12.0909,12.0909,10.9273,10.9273,25480837,9.39924
"2007-01-18",10.7273,10.9909,10.4364,10.8455,15064860,9.328879
"2007-01-19",11.2545,11.5909,10.9091,11.4636,10734434,9.860543
"2007-01-22",11.5,12.1454,11.0455,12.1,12842271,10.407952
"2007-01-23",12.1,12.7273,11.6091,12.6454,10750564,10.877082
"2007-01-24",12.5455,13.0909,12.1909,12.6818,7351057,10.908393
"2007-01-25",12.5364,13.6364,12.3636,12.5727,11164253,10.814549
"2007-01-26",12.4091,13.5727,12.2273,13.2727,8489567,11.416661
"2007-01-29",13.3636,13.8636,13.1364,13.6364,5275106,11.729504
"2007-01-30",13.7091,13.7273,12.9545,13.0455,6796230,11.221232
"2007-01-31",12.6364,12.9091,12,12.1273,4354742,10.431433
"2007-02-01",12,12.5909,11.8364,12.5727,2970253,10.814549
"2007-02-02",12.5273,12.5273,11.9273,12.1818,2576638,10.478313
"2007-02-05",12.0909,12.0909,11.6364,11.6454,2919457,10.016921
"2007-02-06",11.7273,11.9727,10.9091,11.5818,5180470,9.962217
"2007-02-07",11.7364,11.9727,11.5818,11.7091,3685800,10.071714
"2007-02-08",11.9364,11.9364,11.5,11.8727,2625932,10.212436
"2007-02-09",11.8727,12.5727,11.8727,12.5273,6833318,10.775498
"2007-02-12",12.6182,13.1636,12.6182,12.9182,5135369,11.111733
"2007-02-13",13.1636,13.2545,12.6818,12.9273,3567042,11.119562
"2007-02-14",12.8364,13.1818,12.6818,13.0455,4846653,11.221232
"2007-02-15",13.0455,13.6727,12.9273,13.4818,5230207,11.596523
"2007-02-16",13.6454,13.6454,12.8182,12.8636,7367680,11.06477
"2007-02-26",12.8636,12.9364,12.4182,12.7636,5827448,10.978753
"2007-02-27",12.7636,13.3636,11.4909,11.5091,7944432,9.899681
"2007-02-28",11.5909,12,11.4364,11.9727,7179190,10.298452
"2007-03-01",11.9545,11.9545,10.9727,11.2545,7411575,9.680685
"2007-03-02",11.2545,11.7,11.2364,11.4909,3670500,9.884026
"2007-03-05",11.4909,11.9091,11.1818,11.5455,5356818,9.93099
"2007-03-06",11.6,11.8636,11.4545,11.7,4765614,10.063887
"2007-03-07",11.7545,12.3636,11.7545,12.3364,12077099,10.611295
"2007-03-08",12.6,13.5455,12.3273,13.3818,20208398,11.510505
"2007-03-09",13.3818,13.3818,12.6364,12.9545,12980408,11.14296
"2007-03-12",13.1364,13.2273,12.2727,12.7091,11036338,10.931875
"2007-03-13",12.5909,12.7091,12.2182,12.6636,13644393,10.892736
"2007-03-14",12.5,12.5,12.0455,12.3364,8121001,10.611295
"2007-03-15",12.4909,13.0909,12.3727,12.8182,15924565,11.025716
"2007-03-16",12.7364,12.8727,12.1273,12.4364,9951382,10.697309
"2007-03-19",11.8182,12.3455,11.5455,12.1727,12147278,10.470484
"2007-03-20",12.2727,12.3546,12.0909,12.3182,7478834,10.595638
"2007-03-21",12.4273,13.1818,12.3182,13,17079270,11.182096
"2007-03-22",13,13.3546,12.6454,12.7182,12234564,10.939703
"2007-03-23",12.6454,12.8182,12.4182,12.7364,8092278,10.955359
"2007-03-26",12.7364,13.1636,12.5091,13.1364,12607522,11.299421
"2007-03-27",13.1818,13.8182,13.0182,13.5364,16778154,11.643485
"2007-03-28",13.4909,13.6091,12.5455,13.1636,11827243,11.322818
"2007-03-29",13.1818,13.6909,13,13.0455,10159204,11.221232
"2007-03-30",12.8727,13.2636,12.7273,13.1727,7934970,11.330647
"2007-04-02",13.2273,13.7727,13.0909,13.7364,13682508,11.815516
"2007-04-03",13.7545,14.6909,13.6545,14.3455,24913789,12.339442
"2007-04-04",14.1909,14.5,13.9273,14.0818,11482510,12.112619
"2007-04-05",14,15,14,14.6182,12774647,12.574009
"2007-04-06",14.4454,15.5455,14.3182,15.1727,11818815,13.050969
"2007-04-09",15.1636,15.3273,14.7182,14.9,14729252,12.816401
"2007-04-10",14.9091,14.9909,14.1091,14.5636,16426146,12.527046
"2007-04-11",14.6182,14.9364,14.1818,14.5091,18188415,12.480166
"2007-04-12",14.5455,14.8546,14.4727,14.8364,10817411,12.761698
"2007-04-13",14.9,15,14.2273,14.3273,16647102,12.32379
"2007-04-16",14.3182,14.7091,14.2818,14.5273,9873308,12.49582
"2007-04-17",14.6,15.4091,14.6,15.0727,18067724,12.964952
"2007-04-18",15.2545,15.9091,15.2364,15.4091,18280024,13.254313
"2007-04-19",15.2727,15.2727,13.8727,13.9364,12895183,11.987552
"2007-04-20",14.1364,14.7636,14.1364,14.6818,8020077,12.628716
"2007-04-23",14.7273,15.1364,14.6545,15.0909,11870177,12.980608
"2007-04-24",15.1818,16.172701,15.0455,15.7727,21594795,13.567067
"2007-04-25",15.7091,16.3454,15.5909,16,20414304,13.762579
"2007-04-26",15.9454,16.254601,15.6,16.1546,10209863,13.89556
"2007-04-27",16.0909,16.6364,15.2273,16.0455,19482789,13.801717
"2007-04-30",16,17.6546,15.9091,17.6546,23916329,15.185805
"2007-05-03",16,17.6546,15.9091,17.6546,0,15.185805
"2007-05-04",16,17.6546,15.9091,17.6546,0,15.185805
"2007-05-08",18.4182,19.3454,18,18.4818,22835324,15.897329
"2007-05-09",18.4818,19.181801,16.8636,18.172701,17451794,15.631454
"2007-05-10",17.9909,17.9909,17.0091,17.4454,9713525,15.005858
"2007-05-11",17.181801,17.272699,16.5818,17.190901,10631523,14.786945
"2007-05-14",16.818199,18,16.709101,17.772699,12012805,15.28739
"2007-05-15",18,18.172701,16.5273,16.6,11408672,14.278677
"2007-05-16",16.3636,17.0818,15.9091,16.9545,7214723,14.583604
"2007-05-17",16.8727,17.4454,16.818199,17.272699,7862302,14.857303
"2007-05-18",17.254601,17.3454,16.772699,17.263599,9777624,14.849477
"2007-05-21",16.4545,17.5455,16.3636,17.190901,9109040,14.786945
"2007-05-22",17.190901,18.318199,17.190901,18.0182,13329890,15.498558
"2007-05-23",17.9091,18.790899,17.745399,18.6455,12156950,16.038136
"2007-05-24",19.181801,20.4091,19.0455,19.4,17579891,16.687126
"2007-05-25",19.0818,20.200001,18.754601,19.936399,16753217,17.14852
"2007-05-28",20.218201,21.927299,19.818199,21.1091,20259798,18.157228
"2007-05-29",20.927299,22.200001,20.927299,22.1455,19040552,19.048702
"2007-05-30",20.1364,22.727301,19.927299,20.245399,18167326,17.41431
"2007-05-31",21.0091,22.272699,20.245399,21.8909,24215747,18.829704
"2007-06-01",21.9091,24.0091,20.4727,20.5818,20516282,17.703665
"2007-06-04",20.799999,21.272699,18.5273,18.5273,9511608,15.936465
"2007-06-05",17.936399,19.5909,16.672701,19.5182,14498045,16.788799
"2007-06-06",19.6182,20.799999,18.6364,20.254601,11655193,17.422222
"2007-06-07",20.263599,21.190901,19.8909,20.8818,9684266,17.961712
"2007-06-08",21.254601,22,20.727301,20.9,10192858,17.977371
"2007-06-11",21.6364,21.9454,20.9091,21.4636,8804327,18.462156
"2007-06-12",21.727301,22.799999,21.0909,22.727301,10094451,19.549143
"2007-06-13",23.0091,23.6182,22.5546,22.6364,10418256,19.470953
"2007-06-14",22.327299,22.5909,21.336399,21.6455,9239715,18.618622
"2007-06-15",21.5,21.818199,21.072701,21.436399,5113228,18.438759
"2007-06-18",22.0273,22.709101,21.9091,22.1546,7328461,19.05653
"2007-06-19",22.1364,22.3636,21.1364,21.9454,6945297,18.876579
"2007-06-20",21.818199,22.336399,20.8454,21.209101,6110753,18.243248
"2007-06-21",21.245399,21.672701,20.436399,20.727301,5573117,17.828819
"2007-06-22",20.763599,22.0455,20,20.709101,11419199,17.813166
"2007-06-25",20.9,21.1273,18.781799,19.1182,7214313,16.444735
"2007-06-26",18.6364,19.4545,18.236401,19.4091,5172145,16.694956
"2007-06-27",19.5364,19.727301,18.9091,19.6091,6073322,16.866991
"2007-06-28",19.6091,19.6091,19.6091,19.6091,0,16.866991
"2007-06-29",17.6455,18.6364,17.6455,17.6455,6159777,15.177976
"2007-07-02",16.9,17.6182,16.336399,16.781799,4408615,14.435053
"2007-07-03",17.0909,17.436399,16.727301,17.0364,4308961,14.65405
"2007-07-04",17.072701,17.4,16.072701,16.4545,4307241,14.153522
"2007-07-05",15.9182,16.4454,15.2636,15.3091,4755070,13.168295
"2007-07-06",15.0273,16.4182,15.0273,16.3636,3728034,14.075335
"2007-07-09",16.5273,17.245399,16.3727,17.0546,3438822,14.669704
"2007-07-10",16.9091,17.5182,16.3545,16.4909,6729036,14.184833
"2007-07-11",16.3636,16.818199,15.9545,16.6091,3695552,14.286504
"2007-07-12",16.681801,17.0818,16.5546,16.818199,2266679,14.466363
"2007-07-13",16.818199,16.9091,16.290899,16.8454,1691067,14.489758
"2007-07-16",16.809099,16.8636,16.0818,16.227301,1874731,13.958095
"2007-07-17",16.063601,17.4545,15.6182,17.0546,5568259,14.669704
"2007-07-18",16.9091,17.9091,16.3818,17.6364,9579028,15.170149
"2007-07-19",17.281799,17.6273,17.1455,17.3727,2343877,14.943325
"2007-07-20",17.4091,18.936399,17.4091,18.9,8417743,16.257048
"2007-07-23",19.190901,20.209101,19.0091,19.0909,10420272,16.421253
"2007-07-24",19.181801,20.181801,19.0909,19.563601,7239051,16.827852
"2007-07-25",19.4818,19.727301,19.0818,19.5909,7686433,16.851337
"2007-07-26",19.709101,20.5909,19.327299,20.0364,7653306,17.234537
"2007-07-27",19.8636,20.181801,19.272699,19.836399,5716138,17.062502
"2007-07-30",19.8909,20.727301,19.5455,20.272699,6938643,17.437792
"2007-07-31",20.227301,20.245399,19.4545,19.763599,5699122,16.99988
"2007-08-01",19.763599,20.4454,18.6364,18.745399,8094537,16.124065
"2007-08-02",18.827299,19.5182,18.272699,19.309099,10650131,16.60894
"2007-08-03",19.3727,20.4545,19.200001,20,14171337,17.203226
"2007-08-06",20.227301,20.272699,19.5,19.727301,7664691,16.968662
"2007-08-07",19.790899,20.218201,19,19.572701,11938576,16.83568
"2007-08-08",19.181801,19.3818,18.0909,18.5364,8202143,15.944289
"2007-08-09",18.5364,19.063601,18.181801,19,9300632,16.343063
"2007-08-10",18.818199,18.9545,17.5273,17.745399,8392646,15.263907
"2007-08-13",17.4091,17.6364,16.754601,16.9454,6447780,14.666692
"2007-08-14",17.0455,18.181801,17.0455,18.063601,4281880,15.634522
"2007-08-15",18.072701,18.4091,17.327299,17.5818,4281934,15.217514
"2007-08-16",17.5546,17.718201,17.1364,17.427299,4509051,15.083788
"2007-08-17",17.4545,17.8818,17.3636,17.4818,3061133,15.13096
"2007-08-20",17.727301,18.263599,17.727301,18.200001,4635800,15.752582
"2007-08-21",18.254601,18.563601,18.0546,18.4182,5401063,15.941438
"2007-08-22",18.1455,18.709101,18,18.4454,4897358,15.964983
"2007-08-23",18.4454,18.799999,18.0909,18.281799,5475716,15.82338
"2007-08-24",18.3545,18.790899,18.1,18.690901,9076988,16.177469
"2007-08-27",18.818199,19.5455,18.4636,18.8636,9677614,16.326942
"2007-08-28",18.8636,18.8636,18.163601,18.209101,6179686,15.760455
"2007-08-29",18.281799,19.4182,18.072701,18.827299,14160618,16.295523
"2007-08-30",19.0364,20,18.836399,19.5455,18956377,16.917149
"2007-08-31",19.6182,20.0455,19.0909,19.272699,12856027,16.681028
"2007-09-03",19.3818,20.181801,19.3818,19.5455,9785525,16.917149
"2007-09-04",19.6364,19.9636,19.272699,19.681801,10490065,17.03512
"2007-09-05",19.763599,19.818199,18.8727,19.1364,8483406,16.563057
"2007-09-06",19.163601,19.3545,18.781799,19.218201,10050386,16.63386
"2007-09-07",19.318199,19.781799,18.827299,18.8909,12959810,16.350573
"2007-09-10",18.8909,20.172701,18.709101,20.0909,13635676,17.389204
"2007-09-11",20.163601,20.254601,18.181801,18.263599,10301313,15.80763
"2007-09-12",18.3818,18.727301,17.5455,18.5,6934155,16.012239
"2007-09-13",18.5,18.727301,18.254601,18.5455,5581349,16.051619
"2007-09-14",18.5455,18.727301,18.0182,18.4091,5717838,15.933562
"2007-09-17",18.318199,18.572701,18.072701,18.4636,9193779,15.980734
"2007-09-18",18.436399,18.9545,17.9636,18.936399,9663073,16.389954
"2007-09-19",19.254601,20.272699,19.227301,19.5273,19499165,16.901396
"2007-09-20",19.6364,19.8818,19.181801,19.6546,7858183,17.011574
"2007-09-21",19.5455,19.727301,19.0909,19.5818,5947151,16.948568
"2007-09-24",19.6364,21.3454,19.6364,21.072701,19495274,18.238979
"2007-09-25",21.072701,21.1364,20.063601,20.281799,9616805,17.554432
"2007-09-26",20.181801,20.718201,19.4182,19.718201,8096824,17.066624
"2007-09-27",19.5455,19.827299,19.0091,19.190901,4814445,16.610229
"2007-09-28",19.272699,20.663601,19.272699,20.3909,10735204,17.648863
"2007-10-08",20.5,21.818199,20.181801,21.4182,15083237,18.538019
"2007-10-09",21.272699,22.181801,20.9636,21.563601,10820792,18.663868
"2007-10-10",21.563601,22.1455,20.700001,20.818199,11522042,18.018703
"2007-10-11",20.6,20.9909,19.8727,20.0182,5932786,17.326281
"2007-10-12",20,20.227301,18.072701,19.254601,9217926,16.665367
"2007-10-15",19.318199,19.781799,18.5818,19.1091,5071593,16.539431
"2007-10-16",19.181801,20.5909,19.1546,20.3818,6047367,17.640987
"2007-10-17",20.181801,21.181801,19.818199,20.6455,7077283,17.869226
"2007-10-18",20.6364,20.6455,19.281799,19.718201,4097124,17.066624
"2007-10-19",20.172701,20.9091,20.0273,20.6364,9091431,17.861349
"2007-10-22",20.5909,21.772699,20.200001,21.681801,13498980,18.766172
"2007-10-23",21.3636,21.790899,20.690901,21.700001,11111477,18.781923
"2007-10-24",21.754601,22.181801,20.727301,21.0182,11938839,18.191805
"2007-10-25",20.745399,21.1364,19.3545,19.4182,8830062,16.806965
"2007-10-26",18.9182,20.3454,18.9182,19.9,4409537,17.223974
"2007-10-29",20.299999,21.072701,19.200001,20.5182,6575252,17.759043
"2007-10-30",20.6,20.718201,19.681801,20.063601,4258608,17.365576
"2007-10-31",20.272699,22.072701,20.272699,22.072701,13809884,19.104507
"2007-11-01",22.3727,23,21.5546,22.172701,21270561,19.191057
"2007-11-02",21.5455,22.9091,21.4545,22.3727,12180194,19.364162
"2007-11-05",21.8909,23.218201,21.8909,22.6091,14762719,19.568775
"2007-11-06",22.4545,22.700001,21.227301,21.4454,10175060,18.561558
"2007-11-07",21.6455,22,20.827299,21.5546,4843258,18.656076
"2007-11-08",20.9545,21.3545,19.827299,19.9909,6770152,17.302654
"2007-11-09",20.0091,20.3636,19.4454,19.827299,5538482,17.161055
"2007-11-12",19.5364,20.4,19.0909,20.327299,4845573,17.593817
"2007-11-13",20.181801,21.272699,20.181801,20.4454,5085904,17.696033
"2007-11-14",20.5182,20.8727,20.172701,20.799999,3063518,18.002951
"2007-11-15",20.8909,20.8909,19.836399,19.9909,4429008,17.302654
"2007-11-16",19.6182,20.181801,18.0909,18.927299,9178888,16.382076
"2007-11-19",18.781799,19.254601,18.181801,19.072701,3689915,16.507923
"2007-11-20",18.818199,19.4454,18.6455,19.0909,2771562,16.52368
"2007-11-21",19.1182,19.727301,19,19.0455,2671012,16.484386
"2007-11-22",18.272699,18.8909,18.1364,18.236401,2182733,15.784086
"2007-11-23",18.072701,18.6364,18,18.5455,1263258,16.051619
"2007-11-26",18.818199,19.0455,18,18.0091,2012052,15.587353
"2007-11-27",18,18.3454,17.8454,18.190901,2512775,15.744705
"2007-11-28",18.281799,18.327299,16.781799,17.6273,2719668,15.256893
"2007-11-29",17.727301,18.0455,17.0091,17.9182,3999294,15.508674
"2007-11-30",17.8727,18.0364,17.0909,17.281799,2020709,14.957856
"2007-12-03",17.281799,17.281799,17.281799,17.281799,0,14.957856
"2007-12-04",17.8818,18.1364,17.272699,17.436399,2333946,15.091664
"2007-12-05",17.5273,17.9454,17.299999,17.9091,2196976,15.500798
"2007-12-06",17.9091,18.436399,17.9091,18.072701,2610191,15.642401
"2007-12-07",18.172701,18.336399,17.681801,18.245399,2144722,15.791879
"2007-12-10",17.827299,18.572701,17.681801,18.4636,2861179,15.980734
"2007-12-11",18.572701,18.6455,17.9545,18.318199,3322303,15.854885
"2007-12-12",18.1091,18.209101,17.4727,18.200001,4274154,15.752582
"2007-12-13",18.3454,19.063601,18.318199,18.3727,7561605,15.902055
"2007-12-14",18.0364,18.4091,17.736401,18.3454,1984288,15.87843
"2007-12-17",18.3818,18.3818,17.0455,17.1182,4357510,14.816257
"2007-12-18",17.1546,17.5273,17.0909,17.209101,2159787,14.894934
"2007-12-19",17.318199,17.727301,17.272699,17.5364,1748633,15.178217
"2007-12-20",17.5818,17.709101,17.163601,17.563601,2772886,15.201764
"2007-12-21",17.4091,17.836399,17.281799,17.772699,2963371,15.382743
"2007-12-24",17.809099,18.318199,17.4091,18.309099,4822147,15.847009
"2007-12-25",18.5273,18.9727,18.5,18.9545,6487971,16.405619
"2007-12-26",18.9091,19,18.6364,18.8909,3205590,16.350573
"2007-12-27",18.8909,20.0818,18.727301,19.9091,5653259,17.231852
"2007-12-28",19.9091,20.772699,19.772699,20.436399,10089793,17.688248
"2008-01-02",20.5455,21.181801,20.3636,20.9454,5670603,18.128798
"2008-01-03",21.0818,21.5,20.5909,20.6364,5339292,17.861349
"2008-01-04",20.5909,21.3636,20.181801,21.254601,5734842,18.396418
"2008-01-07",21.4,22.4545,21.209101,22.336399,10559560,19.332743
"2008-01-08",22.336399,22.5182,21.5273,21.572701,7258368,18.671743
"2008-01-09",21.4545,22.4,21.272699,22.0909,4627444,19.120262
"2008-01-10",22.1182,22.6364,21.709101,21.836399,3496307,18.899984
"2008-01-11",21.9,22.181801,21.436399,21.6182,3511739,18.711124
"2008-01-14",21.6364,22.9091,21.4454,22.681801,4811908,19.631701
"2008-01-15",22.690901,23.5455,22.5909,23.236401,4897277,20.111717
"2008-01-16",22.9818,23.1,22.254601,22.290899,3210136,19.293365
"2008-01-17",22.272699,22.272699,20.6182,21.236401,6057927,18.380669
"2008-01-18",21.227301,21.763599,20.927299,21.6364,1934672,18.726879
"2008-01-21",21.727301,21.818199,20,21.0546,3143709,18.22331
"2008-01-22",20.818199,20.818199,18.9454,19.1546,3269899,16.578815
"2008-01-23",19.190901,20.163601,19.181801,20.063601,2566766,17.365576
"2008-01-24",20.3636,20.4091,19.254601,20.3454,4492332,17.609482
"2008-01-25",20,22.0818,20,21.763599,5793530,18.836967
"2008-01-28",21.763599,21.772699,20.181801,20.9182,4243846,18.105251
"2008-01-29",21.072701,21.709101,20.9091,21.309099,3425395,18.443588
"2008-01-30",21.3636,21.9636,21.0091,21.718201,3681946,18.797678
"2008-01-31",21.818199,21.818199,21.163601,21.4909,3095039,18.600943
"2008-02-01",21.4909,21.818199,19.8909,20.727301,3444253,17.940025
"2008-02-04",20.9818,22.181801,20.9818,21.8818,5554794,18.939278
"2008-02-05",21.772699,22.9545,21.4182,22.4454,7010060,19.427088
"2008-02-13",22.181801,23.181801,21.727301,22.4909,8676951,19.466467
"2008-02-14",22.5455,22.8636,22.1546,22.436399,4004282,19.419298
"2008-02-15",22.181801,22.5909,20.772699,21.5818,4443311,18.679619
"2008-02-18",21.754601,22.263599,21.3636,21.727301,3574591,18.805555
"2008-02-19",21.799999,22.6,21.5273,22.5909,4396404,19.553022
"2008-02-20",22.6091,23.1546,22.1364,22.427299,9459780,19.411421
"2008-02-21",22.181801,23.4545,21.709101,23.3818,11563734,20.237566
"2008-02-22",23.4091,23.9091,22.5,23.8454,16765396,20.638828
"2008-02-25",24.0818,24.0818,21.4636,21.6455,10084370,18.734751
"2008-02-26",22.272699,22.5364,20.181801,20.790899,8825668,17.995073
"2008-02-27",20.9091,21.336399,20.6273,21.0091,3933193,18.183931
"2008-02-28",21.0546,21.6,20.727301,21.218201,5611754,18.364914
"2008-02-29",21.1273,21.1273,20.4091,20.5364,5071353,17.774797
"2008-03-03",20.5455,21.318199,19.3727,21.227301,6582050,18.372791
"2008-03-04",21.227301,21.4182,20.309099,20.681801,5194149,17.900644
"2008-03-05",20.781799,20.781799,19.736401,20.272699,2938652,17.54656
"2008-03-06",20.318199,20.790899,19.8909,20.245399,2472828,17.52293
"2008-03-07",20,20.8818,19.8909,20.4818,2517952,17.727541
"2008-03-10",20.4091,20.4545,19.772699,19.781799,2159897,17.121675
"2008-03-11",19.5,20.1364,19.318199,19.772699,2811988,17.113794
"2008-03-12",20.1364,20.3636,18.0818,18.272699,3380309,15.815502
"2008-03-13",18.072701,18.5,17.5546,18.1,2797115,15.666031
"2008-03-14",18.190901,18.4454,17.799999,18,775763,15.579474
"2008-03-17",18,18,18,18,0,15.579474
"2008-03-18",16.6364,17.263599,16.200001,16.200001,3922113,14.021528
"2008-03-19",16.3636,16.9091,15.8182,16.3545,2977065,14.155252
"2008-03-20",16.3545,17.272699,14.7182,16.8545,3715331,14.588016
"2008-03-21",16.6364,17.3818,16.5455,16.8909,2457847,14.619518
"2008-03-24",16.9909,17.254601,15.6364,15.6727,2060454,13.565136
"2008-03-25",15.3636,16.709101,15.0909,16.236401,5051075,14.053034
"2008-03-26",16.3545,16.663601,15.7091,15.9091,1613279,13.769748
"2008-03-27",15.6727,16.0909,14.8909,15.2455,1888184,13.195385
"2008-03-28",15.2727,16.190901,14.6454,15.9545,2939120,13.809043
"2008-03-31",15.3818,15.8364,15.0909,15.5546,2324526,13.462918
"2008-04-01",15.7182,15.7727,14,14.2727,3177397,12.353399
"2008-04-02",14.3364,14.5636,12.8455,12.8455,2091128,11.118118
"2008-04-03",12.5455,13.4545,11.8182,13.1454,2909486,11.377691
"2008-04-07",13.1454,13.9091,12.7364,13.7727,4930592,11.920636
"2008-04-08",13.7727,14.5364,13.5455,14.3455,4711685,12.416409
"2008-04-09",14.3546,14.6909,13.2273,13.2636,4827831,11.479996
"2008-04-10",12.8182,13.8182,12.4545,13.7091,2365420,11.865588
"2008-04-11",13.7727,14.0727,13.6454,13.6818,1597857,11.84196
"2008-04-14",13.4364,13.6364,12.3182,12.5364,2196053,10.850585
"2008-04-15",12.5,12.5818,11.8182,12.4454,5046439,10.771824
"2008-04-16",12.4909,12.4909,12,12.1454,1878436,10.512164
"2008-04-17",12.1454,12.4182,11.3636,11.6364,2021758,10.071611
"2008-04-18",11.3818,11.8,11.0909,11.3636,1793915,9.835496
"2008-04-21",12.1818,12.4273,10.2273,10.2273,5019729,8.851998
"2008-04-22",9.9,10.3636,9.59091,10,4425143,8.655265
"2008-04-23",9.98182,10.7636,9.81818,10.6545,3561683,9.221751
"2008-04-24",11.7091,11.7182,11.1454,11.7091,10400152,10.134535
"2008-04-25",11.7091,12.6091,11.2273,12.0091,7525577,10.394195
"2008-04-28",11.9545,11.9545,11.3818,11.7273,4187027,10.150286
"2008-04-29",12,12.2818,11.8909,12.0909,5375106,10.464995
"2008-04-30",12.2273,12.8636,12.1364,12.7727,5403380,11.05511
"2008-05-05",12.9091,13.3636,12.9091,13.2182,5233537,11.440701
"2008-05-06",13.2091,13.2091,12.6182,12.7636,3764895,11.047234
"2008-05-07",12.6818,12.9,11.8273,11.8818,3510536,10.284011
"2008-05-08",11.8182,13.0636,11.5727,13.0546,6099308,11.299101
"2008-05-09",12.8182,13.5182,12.2091,12.6091,5619332,10.913511
"2008-05-12",12.2636,12.8455,11.9818,12.5909,3878267,10.897758
"2008-05-13",12.1,12.6364,11.8909,12.3727,2521786,10.7089
"2008-05-14",12.3636,13.2364,12.2727,13.1818,4245767,11.409194
"2008-05-15",13.2636,13.8636,13.2091,13.2636,7218400,11.479996
"2008-05-16",13.2818,13.6364,12.9545,13.0909,3514807,11.33052
"2008-05-19",13.0546,13.1727,12.7818,13.1364,1682993,11.369901
"2008-05-20",13.1364,13.2636,12.2545,12.3636,2756709,10.701023
"2008-05-21",12.1818,12.4545,11.6818,12.3455,3653444,10.685357
"2008-05-22",12.2727,12.3818,11.7273,11.8182,1721542,10.228966
"2008-05-23",11.8455,12.3091,11.5455,11.8636,1346560,10.268259
"2008-05-26",11.8455,11.8455,11.2727,11.5182,975305,9.969306
"2008-05-27",11.5182,11.8091,11.5182,11.7091,786158,10.134535
"2008-05-28",11.7273,12.3182,11.7091,12.1273,2648307,10.496499
"2008-05-29",12.3636,12.3636,11.6091,11.6182,1694333,10.055859
"2008-05-30",11.7273,11.9545,11.3182,11.8636,1126217,10.268259
"2008-06-02",11.9454,11.9454,11.3727,11.7091,784347,10.134535
"2008-06-03",11.7182,11.8,10.9091,11.2455,3244977,9.733277
"2008-06-04",11.6364,12.3727,11.5909,11.9,6478085,10.299765
"2008-06-05",11.8091,11.9545,11.2091,11.7273,3544693,10.150286
"2008-06-06",11.7364,11.8818,11.3364,11.4818,1722739,9.937802
"2008-06-10",10.8182,10.9,10.3364,10.3546,3823521,8.962179
"2008-06-11",10,10.4091,9.81818,10.0909,2006006,8.733942
"2008-06-12",10.2273,10.2273,9.68182,10,1711877,8.655265
"2008-06-13",10.0273,10.0909,9.18182,9.21818,1006680,7.978577
"2008-06-16",9.21818,9.54545,8.92727,9.18182,1355014,7.947107
"2008-06-17",9.18182,9.54545,8.78182,8.85455,2685373,7.663848
"2008-06-18",8.66364,9.28182,8.23636,9.20909,2830778,7.97071
"2008-06-19",9.09091,9.09091,8.29091,8.29091,1455846,7.176002
"2008-06-20",8.36364,8.97273,7.56364,8.28182,2019602,7.168135
"2008-06-23",8.17273,8.28182,7.74545,7.96364,957359,6.892741
"2008-06-24",7.98182,8.3,7.95455,8.22727,922646,7.12092
"2008-06-25",8.22727,8.22727,8.22727,8.22727,0,7.12092
"2008-06-26",8.70909,9.05455,8.63636,9.05455,2263692,7.836952
"2008-06-27",9.05455,9.83636,8.82727,9.09091,7789086,7.868423
"2008-06-30",9.63636,9.89091,9.23636,9.37273,5393777,8.112345
"2008-07-01",9.27273,9.27273,8.43636,8.63636,4624494,7.474997
"2008-07-02",8.53636,9.10909,8.23636,8.74545,3547200,7.569419
"2008-07-03",8.51818,9.13636,8.25455,8.88182,3039304,7.687449
"2008-07-04",8.88182,9.77273,8.72727,9.53636,8273837,8.253971
"2008-07-07",9.54545,10.1818,9.35455,9.94545,6923170,8.608052
"2008-07-08",9.81818,10.1454,9.57273,10.1182,4386818,8.757569
"2008-07-09",10.0091,10.7091,10.0091,10.3636,6153923,8.96997
"2008-07-10",10.3091,10.5727,10.1,10.1182,4949861,8.757569
"2008-07-11",10.0818,10.6273,9.70909,10.3818,5138540,8.985723
"2008-07-14",10.3455,10.5455,10.1818,10.4545,2783077,9.048646
"2008-07-15",10.4545,10.6545,9.40909,9.57273,7118964,8.285452
"2008-07-16",9.45455,9.45455,8.87273,9.09091,2507161,7.868423
"2008-07-17",9.33636,9.38182,8.86364,8.87273,1337369,7.679583
"2008-07-18",9.07273,9.35455,8.90909,9.26364,1500996,8.017927
"2008-07-21",9.25455,10.1909,9.09091,10.1909,6346515,8.820494
"2008-07-22",10,10.7182,9.98182,10.2,8659676,8.828368
"2008-07-23",10.1818,11.1818,10.0909,10.7727,8526070,9.324057
"2008-07-24",10.7818,11.7273,10.6364,11.3182,10809542,9.796202
"2008-07-25",11.1364,11.5909,10.9,10.9727,5721761,9.497162
"2008-07-28",11.0546,11.5,10.9909,11.1636,4476912,9.662391
"2008-07-29",10.9364,11.1545,10.5091,10.6818,3379804,9.245379
"2008-07-30",10.9091,10.9636,10.4091,10.5,2482407,9.088028
"2008-07-31",10.6364,11.5546,10.2909,11.5546,11231155,10.000812
"2008-08-01",11.4,12.4454,11.2909,11.9909,20752399,10.37844
"2008-08-04",11.7182,12.1727,11.3364,11.3546,9764927,9.827705
"2008-08-05",11.4545,11.6636,10.8546,10.9273,7480744,9.457868
"2008-08-06",11.2182,11.7091,10.7455,11.5455,8896472,9.992934
"2008-08-07",11.4364,12.3636,11.4364,11.9909,11790099,10.37844
"2008-08-08",12,12.0455,10.7909,10.7909,7917138,9.339809
"2008-08-11",10.6909,10.6909,9.61818,9.61818,6006133,8.410523
"2008-08-12",9.18182,9.45455,8.71818,8.9,6579335,7.782519
"2008-08-13",8.63636,9.44545,8.27273,9.27273,8370899,8.108448
"2008-08-14",9.1,9.72727,8.89091,9.58182,6575532,8.378728
"2008-08-15",9.31818,9.67273,9.19091,9.26364,5468145,8.100501
"2008-08-18",9.35455,9.50909,8.59091,8.65455,5911698,7.567887
"2008-08-19",8.42727,9.09091,8.40909,8.94545,3514268,7.822262
"2008-08-20",8.89091,9.83636,8.72727,9.83636,7496394,8.601309
"2008-08-21",9.63636,10.6545,9.54545,10.1364,9007294,8.863678
"2008-08-22",9.92727,10.6091,9.92727,10.1636,7882812,8.887463
"2008-08-25",10.1273,10.3636,9.81818,9.95455,5073201,8.704659
"2008-08-26",9.63636,9.91818,8.96364,9.25455,6849270,8.092551
"2008-08-27",9.12727,9.54545,9,9.30909,4715157,8.140241
"2008-08-28",9.32727,9.5,9.11818,9.14545,2141755,7.99715
"2008-08-29",9.32727,9.64545,9.20909,9.43636,4490377,8.251533
"2008-09-01",9.45455,9.45455,8.95455,8.98182,3431596,7.854064
"2008-09-02",8.77273,8.99091,8.68182,8.79091,4191278,7.687125
"2008-09-03",8.79091,8.80909,8.1,8.20909,3619846,7.178359
"2008-09-04",8.22727,8.43636,8.22727,8.34545,1764390,7.297598
"2008-09-05",8.07273,8.54545,7.9,8.13636,4862512,7.114761
"2008-09-08",8.18182,8.40909,7.63636,7.72727,2989368,6.757037
"2008-09-09",7.81818,8.04545,7.65455,7.98182,2431768,6.979625
"2008-09-10",7.89091,8.59091,7.8,8.35455,5027634,7.305554
"2008-09-11",8.36364,8.45455,8.13636,8.33636,2493052,7.289649
"2008-09-12",8.19091,8.63636,8.19091,8.40909,3170807,7.353247
"2008-09-16",8.45455,8.6,7.87273,8.03636,4533774,7.027317
"2008-09-17",8.00909,8.23636,7.68182,7.81818,3515861,6.836532
"2008-09-18",7.63636,7.70909,7.03636,7.49091,4247269,6.550354
"2008-09-19",8.23636,8.23636,8,8.23636,5476518,7.202204
"2008-09-22",8.78182,9.06364,8.13636,8.43636,13011914,7.377092
"2008-09-23",8.1,8.1,7.59091,7.7,5777129,6.73319
"2008-09-24",7.63636,8.04545,7.36364,8.02727,3786247,7.019368
"2008-09-25",7.95455,8.37273,7.78182,8.27273,7043871,7.234009
"2008-09-26",8.45455,8.76364,8.34545,8.7,10963500,7.607631
"2008-10-06",8.41818,8.45455,7.93636,8.04545,5432390,7.035265
"2008-10-07",7.72727,8.36364,7.59091,8.23636,4893033,7.202204
"2008-10-08",8,8.18182,7.58182,7.71818,4613555,6.749087
"2008-10-09",8,8.07273,7.5,7.51818,3136588,6.5742
"2008-10-10",7.30909,7.30909,6.77273,6.81818,3920166,5.962092
"2008-10-13",6.81818,7.13636,6.43636,7.09091,3225379,6.200577
"2008-10-14",7.28182,7.40909,6.78182,6.8,4696197,5.946194
"2008-10-15",6.65455,6.89091,6.5,6.6,1740107,5.771306
"2008-10-16",6.19091,6.5,6.19091,6.3,3006362,5.508974
"2008-10-17",6.47273,6.5,6.31818,6.37273,1666847,5.572571
"2008-10-20",6.37273,6.74545,6.34545,6.70909,2216467,5.866699
"2008-10-21",6.73636,6.80909,6.59091,6.63636,2438454,5.8031
"2008-10-22",6.60909,6.7,6.34545,6.35455,1690021,5.556674
"2008-10-23",6.44545,6.77273,6.40909,6.72727,5610460,5.882596
"2008-10-24",6.6,6.71818,6.39091,6.41818,3036094,5.612316
"2008-10-27",6.18182,6.25455,5.77273,5.77273,2783938,5.047907
"2008-10-28",5.52727,5.86364,5.46364,5.73636,3084617,5.016104
"2008-10-29",5.80909,5.90909,5.19091,5.25455,2647438,4.59479
"2008-10-30",5.34545,5.68182,5.23636,5.62727,6006392,4.920712
"2008-10-31",5.55455,5.81818,5.46364,5.63636,3699530,4.928659
"2008-11-03",5.62727,5.62727,5.37273,5.50909,2051444,4.81737
"2008-11-04",5.50909,5.50909,5.2,5.23636,1446867,4.578885
"2008-11-05",5.31818,5.54545,5.28182,5.43636,1979635,4.753772
"2008-11-06",5.22727,5.48182,5.2,5.45455,2053709,4.769678
"2008-11-07",5.33636,5.70909,5.27273,5.63636,3601181,4.928659
"2008-11-10",5.80909,6.07273,5.64545,6.03636,3651659,5.278435
"2008-11-11",5.96364,6.38182,5.89091,6.05455,7227097,5.294343
"2008-11-12",5.94545,6.38182,5.94545,6.32727,3613391,5.53282
"2008-11-13",6.22727,6.77273,6.22727,6.53636,5170480,5.715656
"2008-11-14",6.69091,7.13636,6.55455,7.05455,5148976,6.168783
"2008-11-17",6.86364,7.45455,6.86364,7.37273,5753421,6.447012
"2008-11-18",7.22727,7.40909,6.72727,6.78182,6541173,5.930296
"2008-11-19",6.8,7.46364,6.8,7.45455,8022755,6.518558
"2008-11-20",7.61818,8.2,7.61818,8.2,13135987,7.17041
"2008-11-21",8.20909,9,7.89091,8.37273,18731856,7.321452
"2008-11-24",8.38182,8.38182,7.53636,7.53636,8130366,6.590096
"2008-11-25",7.64545,7.8,6.81818,7.11818,6178717,6.224422
"2008-11-26",7.09091,7.26364,6.96364,7.17273,3718076,6.272123
"2008-11-27",7.89091,7.89091,7.36364,7.4,9362392,6.470859
"2008-11-28",7.24545,7.24545,6.86364,7.06364,6268317,6.176732
"2008-12-01",7.02727,7.60909,6.87273,7.49091,5906277,6.550354
"2008-12-02",7.25455,7.58182,7.17273,7.4,4602736,6.470859
"2008-12-03",7.5,8.01818,7.39091,8.00909,8480229,7.003471
"2008-12-04",8.07273,8.32727,7.82727,7.87273,10448361,6.884232
"2008-12-05",7.83636,8.26364,7.83636,8.11818,5673096,7.098865
"2008-12-08",8.18182,8.54545,8.18182,8.39091,7109003,7.337349
"2008-12-09",8.43636,8.57273,8.09091,8.34545,7513444,7.297598
"2008-12-10",8.21818,8.54545,8.05455,8.5,6583060,7.432743
"2008-12-11",8.56364,8.7,8.1,8.23636,7946560,7.202204
"2008-12-12",8.18182,8.25455,7.81818,8.04545,5875034,7.035265
"2008-12-15",8.04545,8.04545,8.04545,8.04545,0,7.035265
"2008-12-16",8.07273,8.22727,7.82727,8.20909,3862606,7.178359
"2008-12-17",8.24545,8.38182,8.1,8.20909,3875081,7.178359
"2008-12-18",8.36364,8.43636,8.18182,8.3,3961659,7.257854
"2008-12-19",8.26364,8.43636,8.19091,8.3,3297284,7.257854
"2008-12-22",8.30909,8.43636,7.87273,7.92727,5276281,6.931924
"2008-12-23",8.08182,8.10909,7.63636,7.66364,4662098,6.701395
"2008-12-24",7.59091,7.73636,7.18182,7.29091,2368476,6.375465
"2008-12-25",7.36364,7.40909,7.26364,7.4,2863972,6.470859
"2008-12-26",7.39091,7.43636,7.26364,7.28182,1642829,6.367517
"2008-12-29",7.3,7.30909,7,7.18182,2157129,6.280072
"2008-12-30",7.18182,7.3,6.90909,7.01818,2376112,6.136979
"2008-12-31",7.12727,7.12727,6.95455,6.97273,1618375,6.097236
"2009-01-05",7.1,7.32727,7.09091,7.28182,1682655,6.367517
"2009-01-06",7.23636,7.59091,7.17273,7.50909,2498404,6.566251
"2009-01-07",7.50909,7.90909,7.44545,7.73636,4985806,6.764985
"2009-01-08",7.90909,8.50909,7.90909,8.09091,7720186,7.075018
"2009-01-09",8,8.70909,7.98182,8.69091,10238944,7.599681
"2009-01-12",8.7,9.31818,8.52727,8.75455,10200605,7.655331
"2009-01-13",8.72727,8.90909,8.31818,8.53636,5649746,7.464537
"2009-01-14",8.45455,9.27273,8.34545,9.20909,6469690,8.0528
"2009-01-15",9.01818,10.1273,8.95455,9.41818,10323548,8.235637
"2009-01-16",9.31818,9.95455,9.19091,9.59091,7591200,8.386678
"2009-01-19",9.6,9.89091,9.22727,9.31818,4852637,8.148193
"2009-01-20",9.29091,9.4,9.05455,9.36364,3547251,8.187943
"2009-01-21",9.14545,9.30909,9.1,9.15455,1608926,8.005107
"2009-01-22",9.25455,9.31818,8.92727,9.00909,2287501,7.877911
"2009-01-23",9,9.17273,8.90909,9,1696421,7.869964
"2009-02-02",9.03636,9.9,9,9.89091,5497477,8.64901
"2009-02-03",9.81818,10.4364,9.63636,10.1545,7940206,8.879503
"2009-02-04",9.9,10.7091,9.9,10.3818,7468216,9.078263
"2009-02-05",10.3909,10.3909,10,10.0909,4655892,8.823892
"2009-02-06",10.0636,10.4273,10.0636,10.2273,4856631,8.943163
"2009-02-09",10.7273,10.8182,10.0909,10.2727,12587088,8.982862
"2009-02-10",10.2727,10.6364,9.96364,10.4273,10178360,9.118052
"2009-02-11",10.2545,10.6364,10.0909,10.6182,17226138,9.284983
"2009-02-12",10.5182,10.9,10.4091,10.8091,11999055,9.451911
"2009-02-13",10.8,11.2727,10.5182,11.2545,20210630,9.841389
"2009-02-16",11.3636,11.5273,10.9818,11.3455,28143019,9.920963
"2009-02-17",11.3091,11.3091,10.2182,10.2727,18487812,8.982862
"2009-02-18",10.0909,10.3364,9.55455,9.72727,13341313,8.505918
"2009-02-19",9.85455,10.0818,9.66364,9.96364,7755889,8.712609
"2009-02-20",9.81818,10.2636,9.77273,10.2273,7758472,8.943163
"2009-02-23",10.2273,10.6,10.1636,10.5,8269119,9.181623
"2009-02-24",10.3455,10.6727,9.86364,9.87273,8359960,8.633113
"2009-02-25",9.86364,10.0546,9.36364,9.53636,6459137,8.338978
"2009-02-26",9.45455,9.68182,8.69091,8.80909,8913715,7.703023
"2009-02-27",8.72727,9.22727,8.70909,9.01818,7710285,7.88586
"2009-03-02",9.01818,9.17273,8.8,9.1,3276469,7.957408
"2009-03-03",8.81818,9.14545,8.73636,9.01818,5017446,7.88586
"2009-03-04",9.13636,9.54545,9.09091,9.5,5595144,8.307183
"2009-03-05",9.54545,9.70909,9.25455,9.47273,6466242,8.283338
"2009-03-06",9.32727,9.51818,9.2,9.29091,3433726,8.124345
"2009-03-09",9.25455,9.63636,9.15455,9.15455,4973241,8.005107
"2009-03-10",9.16364,9.36364,9.09091,9.35455,2567595,8.179996
"2009-03-11",9.52727,9.59091,9.27273,9.39091,3122704,8.21179
"2009-03-12",9.39091,9.59091,9.19091,9.52727,5245356,8.331029
"2009-03-13",9.58182,9.62727,9.27273,9.35455,4071615,8.179996
"2009-03-16",9.28182,9.88182,9.19091,9.75455,6782915,8.529773
"2009-03-17",9.64545,10.2727,9.60909,10.1273,10459986,8.85572
"2009-03-18",10.1273,10.2727,10,10.0364,7994344,8.776231
"2009-03-19",10.0546,10.7727,10.0546,10.3636,11611696,9.062349
"2009-03-20",10.3546,10.3636,10.0546,10.1636,6374674,8.887463
"2009-03-23",10.1636,10.5091,10.0546,10.3636,6803906,9.062349
"2009-03-24",10.5,10.8636,10.3727,10.5818,9187290,9.253152
"2009-03-25",10.6,11.1636,10.5273,10.7909,13561642,9.435996
"2009-03-26",11.3636,11.5455,10.8,11.0455,24175474,9.658629
"2009-03-27",11.1182,11.2182,10.7727,10.8636,15406205,9.49957
"2009-03-30",10.8909,11.0636,10.8,11,9561439,9.618842
"2009-03-31",10.6818,12.1,10.5455,12.1,26667141,10.580729
"2009-04-01",12.2818,13.0273,12.2545,12.5364,36369421,10.962332
"2009-04-02",12.6,12.9818,12.3727,12.4909,22295173,10.922545
"2009-04-03",12.6,13.1364,12.3636,12.5546,18953134,10.978248
"2009-04-07",12.5909,12.7909,12.1364,12.5091,13366152,10.93846
"2009-04-08",12.4545,12.7273,12.0818,12.1727,12187663,10.644299
"2009-04-09",12.1364,12.3546,11.8909,12.3455,8521069,10.795401
"2009-04-10",12.4091,13.0636,12.3,12.8636,18439378,11.248449
"2009-04-13",12.8182,13.3546,12.6636,13.1818,24163178,11.526695
"2009-04-14",12.9818,13.6727,12.8909,13.4818,20886626,11.789029
"2009-04-15",13.3636,13.3636,12.8273,13.1,11118206,11.455168
"2009-04-16",13.1,13.2,12.7273,12.8909,8700246,11.272323
"2009-04-17",12.9,13.1818,12.7364,12.8364,9202752,11.224664
"2009-04-20",12.8909,13.1636,12.7273,13.0546,9143318,11.415469
"2009-04-21",12.8364,12.9909,12.4364,12.6454,11289916,11.057648
"2009-04-22",12.6454,13.6364,12.3636,12.4545,14491692,10.890717
"2009-04-23",12.3636,12.6091,12.1818,12.5364,6966815,10.962332
"2009-04-24",12.5546,12.6818,12.1454,12.3727,6839941,10.819188
"2009-04-27",12.2636,12.3182,11.8,11.8818,7454213,10.389924
"2009-04-28",11.8182,12.1364,11.6909,12.0818,7439265,10.564812
"2009-04-29",12.1727,12.6545,12.1636,12.6364,13564461,11.049777
"2009-04-30",12.8091,13.5455,12.7545,13.0636,17717063,11.423336
"2009-05-04",13.0909,14.2636,12.8909,13.6909,18810378,11.971873
"2009-05-05",13.8182,14.5455,13.6273,14.3546,17352156,12.55224
"2009-05-06",14.2545,14.7455,13.9182,14.2727,12593785,12.480622
"2009-05-07",14.7273,15.0727,14.2364,14.7636,22530455,12.909886
"2009-05-08",14.5546,15.0182,13.9818,14.8182,15453415,12.95763
"2009-05-11",14.7727,14.7727,13.7273,13.7364,12546930,12.01166
"2009-05-12",13.5273,14.4,13.4636,14.3455,9358784,12.544284
"2009-05-13",14.2727,14.3182,14,14.1,6750126,12.329606
"2009-05-14",14,14.2545,13.8,14.1091,6522867,12.337565
"2009-05-15",14.1364,14.2273,13.8364,13.8909,7853093,12.146762
"2009-05-18",13.7273,14.0182,13.4545,13.9273,6283971,12.178591
"2009-05-19",14.0091,14.1818,13.7182,13.8455,5434697,12.107062
"2009-05-20",13.8455,14.0091,13.7273,13.7545,6459669,12.027489
"2009-05-21",13.6364,13.9,13.5,13.7545,5856791,12.027489
"2009-05-22",13.7909,13.8546,13.4091,13.7818,4092012,12.05136
"2009-05-25",13.4545,13.6364,13.1636,13.5273,8920856,11.828815
"2009-05-26",13.6091,13.6091,13.3,13.3364,4778484,11.661884
"2009-05-27",13.3636,13.5909,13.3182,13.4364,3455478,11.749331
"2009-06-01",13.6182,14.0636,13.5636,13.9818,8865201,12.226249
"2009-06-02",14.0909,14.1364,13.7364,13.8091,5880754,12.075234
"2009-06-03",13.7364,14.1818,13.7091,13.9909,12721278,12.234206
"2009-06-04",14,14,13.2,13.4273,21334016,11.741372
"2009-06-05",13.4091,13.4091,13.0182,13.0727,13138222,11.431295
"2009-06-08",13.0455,13.2545,13,13.0636,6103407,11.423336
"2009-06-09",13.0909,13.1091,12.6909,12.9364,10658779,11.312109
"2009-06-10",12.9818,13.0636,12.8273,13.0364,7813489,11.399554
"2009-06-11",12.9818,13.1727,12.8909,13.0455,8241517,11.407511
"2009-06-12",12.9818,13.1364,12.6,12.6909,5599148,11.097433
"2009-06-15",12.6364,12.9091,12.5909,12.9,4640750,11.280278
"2009-06-16",12.8818,13.4636,12.7364,13.4454,15372412,11.7572
"2009-06-17",13.4273,14.0818,13.1364,13.8818,19954733,12.138804
"2009-06-18",13.7273,13.8727,13.5636,13.6364,13457815,11.924217
"2009-06-19",13.8,13.8091,13.5,13.6,9916072,11.892388
"2009-06-22",13.6454,13.7455,13.2364,13.2545,8068326,11.590269
"2009-06-23",13.1364,13.3546,12.9091,13.0364,7551416,11.399554
"2009-06-24",12.9909,13.3273,12.9909,13.1545,8638223,11.502823
"2009-06-25",13.1545,13.1545,13.1545,13.1545,0,11.502823
"2009-06-26",13.2455,13.4909,13,13.4091,7880390,11.725456
"2009-06-29",13.4091,13.8909,13.3182,13.6182,12628707,11.908303
"2009-06-30",13.7091,13.8364,13.3818,13.4091,8381287,11.725456
"2009-07-01",13.4,14.5455,13.3636,14.3182,28898396,12.520411
"2009-07-02",14.3636,14.3909,14.0182,14.2364,16586384,12.448883
"2009-07-03",14.2,15.0727,14.1364,14.7273,23314041,12.878144
"2009-07-06",14.7273,15.3091,14.4364,14.4636,16160125,12.647553
"2009-07-07",14.4273,14.4364,13.8455,13.9273,16028255,12.178591
"2009-07-08",13.8273,14.1636,13.5182,14.0636,15413603,12.297777
"2009-07-09",13.9545,13.9818,13.6818,13.9454,10188644,12.19442
"2009-07-10",13.9545,14.3364,13.7727,14.0909,13698962,12.321651
"2009-07-13",14,14.4545,13.9545,14.1091,12888530,12.337565
"2009-07-14",14.1273,14.9545,14.1091,14.9,21499212,13.02916
"2009-07-15",14.9273,15.3182,14.7,14.7636,18537225,12.909886
"2009-07-16",14.7636,15.2182,14.6,14.8182,11539569,12.95763
"2009-07-17",14.8182,15.5546,14.7,15.3546,19503070,13.426681
"2009-07-20",15.4545,15.4636,14.9091,15.1273,12053346,13.227921
"2009-07-21",15.1273,15.2727,14.6909,14.8091,13333613,12.949675
"2009-07-22",14.8091,14.9182,14.6273,14.8364,10026222,12.973547
"2009-07-23",14.9273,15.2727,14.8182,15.0091,12085250,13.124562
"2009-07-24",15.0091,15.1636,14.5273,14.8,12708627,12.941717
"2009-07-27",14.8091,15.4545,14.7273,15.3455,16702862,13.418724
"2009-07-28",15.4545,15.8273,15.0909,15.6454,17500950,13.680968
"2009-07-29",15.5546,15.5727,14.0818,14.6545,16102285,12.814485
"2009-07-30",14.8182,15.6364,14.6545,15.5727,30069206,13.617396
"2009-07-31",15.9273,16.0455,15.4727,15.8182,33721493,13.83207
"2009-08-03",15.7273,15.7727,15.2182,15.5909,15795874,13.633311
"2009-08-04",15.5182,16.4545,15.4818,15.9727,42540281,13.967173
"2009-08-05",15.6182,15.6182,15.0091,15.3364,19647761,13.410766
"2009-08-06",15.0909,15.6909,14.7273,15.3636,16949639,13.43455
"2009-08-07",15.4545,15.5273,14.7545,15.1091,12451995,13.212006
"2009-08-10",15.7545,16.5,15,15.4182,29495738,13.594766
"2009-08-11",14.9091,15.2545,14.7182,15.1545,18934557,13.362253
"2009-08-12",15.0727,15.3364,13.9545,14.1364,13231767,12.46456
"2009-08-13",14.2727,14.3818,13.9091,14.0636,10302152,12.400369
"2009-08-14",14.1364,14.2,13.1636,13.1909,11155078,11.630878
"2009-08-17",13.0818,13.0818,11.9364,11.9636,8955184,10.548724
"2009-08-18",11.9818,12.3182,11.9091,12.2364,5567902,10.789262
"2009-08-19",12.2545,12.2727,11.0546,11.2273,6956154,9.899503
"2009-08-20",11.2727,11.8182,11.2182,11.7364,9964566,10.348396
"2009-08-21",11.7273,12.0091,11.5455,11.9454,8523519,10.532679
"2009-08-24",11.9545,12.0727,11.8182,12.0182,6396338,10.596868
"2009-08-25",11.9818,11.9818,11.0909,11.5182,7780490,10.156001
"2009-08-26",11.2727,11.9545,11.2727,11.9545,7666021,10.540701
"2009-08-27",12.0364,12.3182,11.6364,12.1545,9003632,10.717049
"2009-08-28",12.1364,12.1364,11.6727,11.8455,5440845,10.444592
"2009-08-31",11.6364,11.6818,10.7909,10.7909,6233368,9.514713
"2009-09-01",10.8,11.1364,10.2727,10.8364,4741361,9.554833
"2009-09-02",10.7091,10.9727,10.5909,10.8364,3447744,9.554833
"2009-09-03",10.9,11.6545,10.8364,11.5909,7466557,10.220102
"2009-09-04",11.5273,11.7818,11.4545,11.7,6049627,10.3163
"2009-09-07",11.8636,11.8636,11.5,11.5909,6621195,10.220102
"2009-09-08",11.5909,11.9091,11.4,11.8818,6360162,10.476599
"2009-09-09",11.8818,11.9364,11.5364,11.8182,6321937,10.420522
"2009-09-10",12.0091,12.5,11.8182,11.9364,10104614,10.524742
"2009-09-11",11.8182,12.2182,11.7455,12.1636,9118285,10.725073
"2009-09-14",12.1636,12.4182,12.1,12.3455,8421376,10.885459
"2009-09-15",12.3455,12.3455,12.3455,12.3455,0,10.885459
"2009-09-16",12.3546,12.3546,11.9636,12.2273,7279360,10.781239
"2009-09-17",12.1727,12.6182,12.1727,12.5091,8824377,11.029711
"2009-09-18",12.5273,12.6909,11.8,11.9545,8153184,10.540701
"2009-09-21",11.8182,12.0455,11.5,11.9727,5336361,10.55675
"2009-09-22",11.8273,12.0455,11.4636,11.4818,4389383,10.123905
"2009-09-23",11.4545,11.6364,11.0546,11.1454,3778949,9.827291
"2009-09-24",11.1182,11.4273,10.8455,11.2,3709114,9.875433
"2009-09-25",11.2,11.3546,11.0727,11.1,3265335,9.787261
"2009-09-28",11.1,11.5091,11.0818,11.1364,3689011,9.819355
"2009-09-29",11.0909,11.1727,10.6909,10.9,3289614,9.610912
"2009-09-30",10.9273,11.1182,10.9182,11.0273,4230112,9.723157
"2009-10-09",11.1545,11.5909,11.1364,11.5818,3936290,10.212081
"2009-10-12",11.5909,12.0182,11.4636,11.6909,5331663,10.308275
"2009-10-13",11.6182,11.8273,11.5546,11.7455,4128025,10.356417
"2009-10-14",11.7545,12.6,11.7455,12.2,13202727,10.757169
"2009-10-15",12.3182,12.4273,12.0364,12.2273,7442875,10.781239
"2009-10-16",12.2636,12.4364,12.1454,12.3,6907174,10.845341
"2009-10-19",12.3182,12.7727,12.3182,12.7273,10774447,11.222105
"2009-10-20",12.7727,12.8182,12.4909,12.6454,8164889,11.149891
"2009-10-21",12.6818,13.1364,12.5455,12.6818,8741364,11.181987
"2009-10-22",12.6454,13.0636,12.5546,12.9545,10073758,11.422438
"2009-10-23",12.9909,13.3273,12.9818,13.1364,13564356,11.582825
"2009-10-26",13.1636,13.3182,13.0546,13.1909,7509480,11.630878
"2009-10-27",13.0909,13.6454,12.8273,13.2,12732644,11.638904
"2009-10-28",13.1636,13.2545,12.6909,12.8909,6881581,11.366357
"2009-10-29",12.7273,12.7273,12.3546,12.3909,5191645,10.925489
"2009-10-30",12.5182,12.6818,12.4091,12.4182,4360597,10.949563
"2009-11-02",12.2909,13.2364,12.2909,13.2,12094305,11.638904
"2009-11-03",13.3273,13.7091,13.2455,13.3455,10654116,11.767194
"2009-11-04",13.3546,13.4545,13.1,13.4545,7427269,11.863306
"2009-11-05",13.5455,14.2273,13.5,13.9545,12806695,12.304172
"2009-11-06",13.9454,13.9545,13.6364,13.7364,8725127,12.111864
"2009-11-09",13.7455,13.7727,13.3,13.6091,7472255,11.99962
"2009-11-10",13.5909,13.7364,13.5273,13.5727,5618543,11.967526
"2009-11-11",13.6,13.6454,13.3909,13.6091,4055424,11.99962
"2009-11-12",13.6364,13.7,13.5273,13.5364,4794771,11.935518
"2009-11-13",13.5,13.6545,13.3182,13.5909,4537076,11.983573
"2009-11-16",13.6454,14.0909,13.6454,13.9909,9814640,12.336267
"2009-11-17",14,14.0182,13.7455,13.8182,5278483,12.183991
"2009-11-18",13.8273,13.8273,13.4364,13.5455,7660155,11.943542
"2009-11-19",13.5455,13.6727,13.3636,13.6545,8217196,12.039651
"2009-11-20",13.6091,14.0455,13.4545,14,14342310,12.344291
"2009-11-23",13.9091,14.0455,13.7455,14.0364,10790405,12.376386
"2009-11-24",14.0909,14.2,13.2727,13.3636,13488190,11.783154
"2009-11-25",13.3182,13.7091,13.3182,13.6727,6241793,12.055697
"2009-11-26",13.6454,14.1364,13.2909,13.4636,11138840,11.871326
"2009-11-27",13.3636,13.3636,12.5727,12.6273,6237957,11.133933
"2009-11-30",12.8,13,12.7364,12.9909,4644726,11.454532
"2009-12-01",13.0818,13.0909,12.6364,13.0818,6356736,11.534679
"2009-12-02",13.0546,13.5182,13.0455,13.3546,6507560,11.775219
"2009-12-03",13.6545,14.0727,13.3636,13.5636,9278195,11.959501
"2009-12-04",13.3818,13.5818,12.8636,13.1909,7137382,11.630878
"2009-12-07",13.1909,13.3546,13.0636,13.3273,5305096,11.751147
"2009-12-08",13.3636,13.6,13.2909,13.4273,6002910,11.839322
"2009-12-09",13.4091,13.4091,13.0818,13.0909,3667611,11.542706
"2009-12-10",13.2091,13.3182,12.9909,13.1545,2690652,11.598783
"2009-12-11",13.1364,13.3364,13.0182,13.3,3272915,11.727077
"2009-12-14",13.2091,13.2091,12.7455,13.1273,3412394,11.574801
"2009-12-15",13,13.0455,12.8182,12.8727,3938857,11.350309
"2009-12-16",12.8909,12.9818,12.8455,12.8636,2150502,11.342286
"2009-12-17",12.9545,13.0909,12.6273,12.6364,2466270,11.141957
"2009-12-18",12.5455,12.5455,12.0909,12.2636,4825694,10.813246
"2009-12-21",12.2545,12.3727,12,12.3,2158401,10.845341
"2009-12-22",12.3,12.3,11.5364,11.5455,3933513,10.180071
"2009-12-23",11.5455,11.7727,11.5455,11.7182,2935011,10.332348
"2009-12-24",11.7182,11.9364,11.4818,11.9091,4308631,10.500669
"2009-12-25",11.8546,12.0909,11.7,11.9454,3054978,10.532679
"2009-12-28",11.8818,12.2273,11.8818,12.1909,3544631,10.749144
"2009-12-29",12.1364,12.2909,12.0455,12.1364,2349152,10.70109
"2009-12-30",12.1364,12.4,11.9636,12.2909,3876048,10.837317
"2009-12-31",12.2636,12.5,12.1818,12.4364,3889861,10.96561
"2010-01-04",12.5364,12.5455,12.3,12.3546,2808532,10.893484
"2010-01-05",12.3364,12.4091,12.0455,12.1636,3230124,10.725073
"2010-01-06",12.1818,12.2545,11.9818,12.1,5211742,10.668996
"2010-01-07",12.0364,12.1364,11.8818,11.9636,3065427,10.548724
"2010-01-08",11.9091,12.3636,11.9091,12.3091,5114517,10.853366
"2010-01-11",12.4545,12.5364,11.9364,12.0727,4927344,10.644921
"2010-01-12",12.0182,12.2636,11.9273,12.1818,2943494,10.741121
"2010-01-13",11.9818,12.0909,11.6545,11.6818,4854288,10.300252
"2010-01-14",11.7364,11.8727,11.6454,11.8546,2652855,10.452617
"2010-01-15",11.9364,12.4182,11.8727,12.3818,6986119,10.917468
"2010-01-18",12.3636,12.6091,12.2727,12.5455,6889707,11.061806
"2010-01-19",12.5455,12.7182,12.3727,12.6636,6802762,11.165938
"2010-01-20",12.6091,12.8273,12.3818,12.4909,6091362,11.013664
"2010-01-21",12.5818,13.1273,12.4364,13.0364,10136140,11.494652
"2010-01-22",12.8727,13.1727,12.6364,12.8182,8058472,11.302256
"2010-01-25",12.7455,12.7455,12.1,12.1091,6056769,10.677016
"2010-01-26",12.1182,12.2364,11.3364,11.4182,3738383,10.067827
"2010-01-27",11.4182,11.6091,11.3,11.3636,2228911,10.019684
"2010-01-28",11.3727,11.4364,11.2909,11.4091,2103367,10.059803
"2010-01-29",11.3636,11.7727,11.3182,11.5364,2859615,10.172049
"2010-02-01",11.5364,11.5727,11.1364,11.2636,2315344,9.931513
"2010-02-02",11.3273,11.4727,11.1182,11.1364,1309938,9.819355
"2010-02-03",11.1727,11.3636,10.9182,11.3455,1640681,10.003724
"2010-02-04",11.3273,11.4818,11.1818,11.4364,4778730,10.083876
"2010-02-05",11.2091,11.2636,10.7273,10.9182,6244152,9.62696
"2010-02-08",10.8909,11.0455,10.7636,10.9545,1782380,9.658966
"2010-02-09",11.0182,11.0909,10.7273,11.0182,2308394,9.715134
"2010-02-10",11.0727,11.0727,10.9273,11.0455,1635304,9.739204
"2010-02-11",11.0546,11.2091,10.9818,11.0546,1839715,9.747229
"2010-02-12",11.1091,11.1636,11.0546,11.1364,1451031,9.819355
"2010-02-22",11.1364,11.2636,11.0909,11.1818,2047716,9.859385
"2010-02-23",11.1909,11.2364,10.9636,11.1273,1746682,9.811331
"2010-02-24",11.1182,11.3455,11,11.3273,2568326,9.987678
"2010-02-25",11.2909,11.6,11.2364,11.4636,5691881,10.107859
"2010-02-26",11.4,11.5,11.3727,11.3909,2720216,10.043756
"2010-03-01",11.3546,11.5273,11.3546,11.4727,6186343,10.115882
"2010-03-02",11.4273,11.5091,11.3455,11.3727,3754816,10.02771
"2010-03-03",11.4273,11.5364,11.3182,11.5273,4954701,10.164023
"2010-03-04",11.4818,11.6091,11.0909,11.1273,4655127,9.811331
"2010-03-05",11.1454,11.3273,10.9818,11.2636,2905691,9.931513
"2010-03-08",11.1818,12.0364,11.1818,11.7,8973634,10.3163
"2010-03-09",11.5727,11.9273,11.4182,11.7545,6837938,10.364355
"2010-03-10",11.6454,11.8091,11.4636,11.6091,3222495,10.23615
"2010-03-11",11.5455,11.6454,11.2909,11.3182,2576570,9.979653
"2010-03-12",11.4364,11.4454,11.0909,11.1909,2471939,9.867409
"2010-03-15",11.1364,11.2545,11.0727,11.2182,1511319,9.89148
"2010-03-16",11.1273,11.3364,11.1273,11.2909,1338856,9.955583
"2010-03-17",11.2909,11.5636,11.2909,11.5,2743467,10.139953
"2010-03-18",11.4909,11.6909,11.4818,11.5546,2806244,10.188095
"2010-03-19",11.6364,11.7727,11.5455,11.6545,3252741,10.276181
"2010-03-22",11.7364,11.7818,11.6454,11.7182,3093011,10.332348
"2010-03-23",11.7273,11.7455,11.5818,11.6727,2936284,10.292229
"2010-03-24",11.5909,11.8,11.5909,11.7182,3327149,10.332348
"2010-03-25",11.7273,11.8182,11.6,11.6182,3736443,10.244174
"2010-03-26",11.6364,12,11.5091,11.8909,6142887,10.484623
"2010-03-29",11.9818,12,11.8546,11.9636,4900420,10.548724
"2010-03-30",11.9727,12.2727,11.9636,12.1545,7356891,10.717049
"2010-03-31",12.1636,12.2545,12,12.0455,3326929,10.620938
"2010-04-01",12.0546,12.1818,12,12.1818,4544241,10.741121
"2010-04-02",12.1909,12.2091,12.1091,12.1454,2853497,10.709023
"2010-04-06",12.1454,12.1454,11.8727,11.9454,4809209,10.532679
"2010-04-07",11.9091,11.9091,11.7091,11.8091,3578117,10.412498
"2010-04-08",11.8182,11.8364,11.6818,11.7455,3846057,10.356417
"2010-04-09",11.7545,12.0455,11.6454,12,5276152,10.580821
"2010-04-12",12.0273,12.0636,11.6545,11.7,4980920,10.3163
"2010-04-13",11.7182,11.9454,11.5727,11.8636,4320316,10.460551
"2010-04-14",11.8,11.8727,11.6364,11.8091,3760720,10.412498
"2010-04-15",11.8,11.9364,11.6818,11.7636,3490826,10.372379
"2010-04-16",11.6727,11.7091,11.4727,11.5182,2763473,10.156001
"2010-04-19",11.4091,11.4091,10.5091,10.5273,5696658,9.282289
"2010-04-20",10.5727,10.6545,10.2727,10.3727,3192291,9.145971
"2010-04-21",10.3818,10.9091,10.3091,10.6818,3872035,9.418518
"2010-04-22",10.5455,10.6636,10.3909,10.5091,2456419,9.266239
"2010-04-23",10.4545,10.6454,10.4091,10.4454,2516909,9.210075
"2010-04-26",10.4545,10.5364,10.3,10.4182,1800031,9.186091
"2010-04-27",10.4182,10.4545,9.93636,10.0818,2441874,8.889477
"2010-04-28",10.0727,10.1818,10,10.1182,1326479,8.921573
"2010-04-29",10.2545,10.7727,10.2273,10.4364,5493319,9.20214
"2010-04-30",10.4636,10.5,9.96364,10.1454,2591132,8.945556
"2010-05-04",9.88182,10,9.41818,9.49091,2968735,8.368467
"2010-05-05",9.31818,9.60909,9.22727,9.58182,2639966,8.448627
"2010-05-06",9.50909,9.54545,9.08182,9.09091,2099263,8.015773
"2010-05-07",8.87273,9.08182,8.82727,8.86364,1775769,7.815382
"2010-05-10",8.92727,9.07273,8.8,9.03636,1292786,7.967676
"2010-05-11",9.27273,9.36364,8.81818,8.85455,1739192,7.807367
"2010-05-12",8.75455,8.94545,8.55455,8.90909,1333972,7.855458
"2010-05-13",8.90909,9,8.75455,8.96364,2029232,7.903555
"2010-05-14",8.86364,8.96364,8.8,8.88182,1801978,7.831411
"2010-05-17",8.72727,8.85455,8.16364,8.19091,2695494,7.222213
"2010-05-18",8.14545,8.52727,8.05455,8.46364,2691703,7.462688
"2010-05-19",8.40909,9.04545,8.19091,8.7,4641261,7.671095
"2010-05-20",8.60909,8.63636,8.26364,8.29091,2977823,7.310386
"2010-05-21",8.1,8.56364,8.07273,8.51818,3151572,7.510778
"2010-05-24",8.54545,8.93636,8.54545,8.86364,4055352,7.815382
"2010-05-25",8.73636,8.91818,8.62727,8.64545,2572958,7.622997
"2010-05-26",8.65455,8.80909,8.56364,8.65455,1500433,7.63102
"2010-05-27",8.63636,8.82727,8.54545,8.78182,2290805,7.743237
"2010-05-28",8.89091,8.92727,8.69091,8.74545,2070652,7.711171
"2010-05-31",8.68182,8.8,8.36364,8.39091,1430153,7.398559
"2010-06-01",8.39091,8.44545,8.13636,8.21818,1737010,7.246257
"2010-06-02",8.21818,8.39091,8.15455,8.38182,1160817,7.390544
"2010-06-03",8.37273,8.5,8.18182,8.22727,2068083,7.254273
"2010-06-04",8.16364,8.34545,8.09091,8.28182,2548048,7.302372
"2010-06-07",8.12727,8.43636,8.09091,8.36364,1991755,7.374514
"2010-06-08",8.28182,8.40909,8.22727,8.39091,1376062,7.398559
"2010-06-09",8.41818,8.65455,8.3,8.62727,2533441,7.606966
"2010-06-10",8.56364,8.62727,8.48182,8.54545,1475166,7.534822
"2010-06-11",8.55455,8.61818,8.47273,8.55455,1423220,7.542847
"2010-06-15",NA,NA,NA,NA,NA,NA
"2010-06-17",8.57273,8.6,8.47273,8.52727,1342490,7.518793
"2010-06-18",8.48182,8.8,8.43636,8.59091,5546506,7.574906
"2010-06-21",8.59091,9.32727,8.49091,9.16364,10491243,8.079902
"2010-06-22",9.1,9.52727,9.00909,9.5,9068583,8.376482
"2010-06-23",9.40909,9.6,9.31818,9.54545,7287848,8.416557
"2010-06-24",9.52727,9.52727,9.36364,9.45455,2653455,8.336408
"2010-06-25",9.36364,9.54545,9.23636,9.42727,2700525,8.312354
"2010-06-28",9.41818,9.42727,9.2,9.20909,2361422,8.119977
"2010-06-29",9.20909,9.20909,9.20909,9.20909,0,8.119977
"2010-06-30",8.63636,8.71818,8.41818,8.50909,4207278,7.502764
"2010-07-01",8.47273,8.62727,8.33636,8.46364,2088332,7.462688
"2010-07-02",8.51818,9.05455,8.29091,8.98182,4340970,7.919585
"2010-07-05",8.99091,9.02727,8.73636,9,3436853,7.935615
"2010-07-06",8.98182,9.32727,8.89091,9.31818,6849004,8.216166
"2010-07-07",9.21818,9.34545,9.04545,9.23636,3997586,8.144022
"2010-07-08",9.24545,9.33636,8.97273,9,2948953,7.935615
"2010-07-09",9.03636,9.27273,8.86364,9.17273,3936175,8.087917
"2010-07-12",9.17273,9.56364,9.09091,9.5,6631214,8.376482
"2010-07-13",9.30909,9.32727,9.09091,9.18182,2472244,8.095932
"2010-07-14",9.11818,9.59091,9.11818,9.45455,4909873,8.336408
"2010-07-15",9.43636,9.80909,9.36364,9.55455,7054983,8.424582
"2010-07-16",9.54545,9.70909,9.22727,9.67273,5720712,8.528787
"2010-07-19",9.5,9.89091,9.46364,9.82727,5174027,8.665049
"2010-07-20",9.9,9.92727,9.71818,9.87273,7073593,8.705132
"2010-07-21",9.84545,9.84545,9.60909,9.67273,5731686,8.528787
"2010-07-22",9.64545,9.84545,9.59091,9.80909,3811878,8.649019
"2010-07-23",9.80909,9.84545,9.57273,9.69091,3320180,8.544814
"2010-07-26",9.7,9.76364,9.64545,9.73636,2186169,8.58489
"2010-07-27",9.72727,9.89091,9.65455,9.67273,2988523,8.528787
"2010-07-28",9.67273,10.2,9.63636,10.1364,8164979,8.93762
"2010-07-29",10.1091,10.1818,9.95455,10.0909,4799073,8.897501
"2010-07-30",10.0727,10.0909,9.92727,10.0455,2657098,8.85747
"2010-08-02",10.0182,10.1364,9.96364,10.1,3554250,8.905523
"2010-08-03",10.1,10.1454,9.87273,9.88182,3547519,8.713147
"2010-08-04",9.86364,9.99091,9.74545,9.95455,2415614,8.777275
"2010-08-05",9.98182,10.1273,9.71818,9.77273,4101358,8.616958
"2010-08-06",9.8,9.91818,9.60909,9.90909,3715164,8.737192
"2010-08-09",9.9,10.1182,9.88182,10.1182,3822235,8.921573
"2010-08-10",10.1091,10.2273,9.84545,9.86364,3227936,8.697117
"2010-08-11",9.86364,10.0727,9.81818,10.0546,2497134,8.865493
"2010-08-12",9.90909,10.4182,9.86364,10.2364,9231276,9.025792
"2010-08-13",10.18,10.18,9.85,10.11,2612133,9.002285
"2010-08-16",9.98,10.17,9.91,10.14,5026119,9.028998
"2010-08-17",10.17,10.44,10.13,10.26,5282325,9.135851
"2010-08-18",10.23,10.29,9.92,10.02,4766888,8.922146
"2010-08-19",10.05,10.13,9.95,10.08,3691750,8.975572
"2010-08-20",10,10.03,9.81,9.86,2759326,8.779676
"2010-08-23",9.89,9.97,9.65,9.72,3031393,8.655017
"2010-08-24",9.72,9.95,9.58,9.93,4152461,8.842007
"2010-08-25",9.87,9.87,9.56,9.58,3065821,8.530354
"2010-08-26",9.58,9.71,9.5,9.53,1904533,8.485834
"2010-08-27",9.54,9.55,9.3,9.43,3186585,8.396791
"2010-08-30",9.5,9.62,9.4,9.5,6459575,8.459121
"2010-08-31",9.52,9.61,9.47,9.57,4802172,8.521451
"2010-09-01",9.58,9.85,9.47,9.79,8339749,8.717346
"2010-09-02",9.85,10.25,9.69,9.97,8319645,8.877624
"2010-09-03",9.9,9.97,9.65,9.71,5128774,8.646111
"2010-09-06",9.71,9.83,9.58,9.81,5064797,8.735155
"2010-09-07",9.8,9.83,9.68,9.75,2720849,8.68173
"2010-09-08",9.75,9.75,9.53,9.6,3586024,8.548163
"2010-09-09",9.6,9.65,9.26,9.29,6284916,8.27213
"2010-09-10",9.27,9.34,9.06,9.26,3643639,8.245417
"2010-09-13",9.25,9.44,9.21,9.33,4107423,8.307748
"2010-09-14",9.36,9.43,9.31,9.34,3402278,8.31665
"2010-09-15",9.36,9.56,9.34,9.42,4536524,8.387886
"2010-09-16",9.5,9.58,9.3,9.45,5353472,8.414598
"2010-09-17",9.5,9.71,9.46,9.65,6246042,8.592685
"2010-09-20",9.7,9.75,9.3,9.35,3034273,8.325555
"2010-09-21",9.33,9.44,9.24,9.27,1894487,8.254321
"2010-09-27",9.3,9.37,9.06,9.34,3154152,8.31665
"2010-09-28",9.3,9.3,9.03,9.05,3923317,8.058425
"2010-09-29",9.05,9.14,8.79,8.8,4143492,7.835817
"2010-09-30",8.79,9.14,8.7,9.07,3169745,8.076234
"2010-10-08",9,9.25,8.97,9.17,3936673,8.165277
"2010-10-11",9.17,9.42,9.15,9.34,5439963,8.31665
"2010-10-12",9.28,9.34,9.13,9.15,5884383,8.147469
"2010-10-13",9.16,9.89,9.16,9.85,13479202,8.770773
"2010-10-14",9.8,9.83,9.45,9.56,10535504,8.512547
"2010-10-15",9.58,9.74,9.46,9.66,5375674,8.60159
"2010-10-18",9.71,10.18,9.56,9.93,10735758,8.842007
"2010-10-19",9.86,10.35,9.73,10.14,9629694,9.028998
"2010-10-20",9.81,9.92,9.36,9.59,11698648,8.539261
"2010-10-21",9.51,9.58,9.36,9.48,5470913,8.441312
"2010-10-22",9.47,9.53,9.39,9.43,3738987,8.396791
"2010-10-25",9.4,9.52,9.33,9.52,8849512,8.476932
"2010-10-26",9.53,9.75,9.48,9.63,8792545,8.574878
"2010-10-27",9.6,9.82,9.55,9.62,7992376,8.565973
"2010-10-28",9.61,9.77,9.44,9.67,5479014,8.610495
"2010-10-29",9.61,9.77,9.44,9.48,4878472,8.441312
"2010-11-01",9.54,9.8,9.47,9.75,8360722,8.68173
"2010-11-02",9.7,9.84,9.57,9.8,10136260,8.72625
"2010-11-03",9.8,10.17,9.64,9.92,13486458,8.833103
"2010-11-04",9.98,10.18,9.82,9.96,8865848,8.86872
"2010-11-05",10.01,10.86,9.94,10.68,25116405,9.509834
"2010-11-08",10.7,11.23,10.6,10.83,25709467,9.643398
"2010-11-09",10.84,10.84,10.5,10.64,11880421,9.474216
"2010-11-10",10.6,10.6,10.09,10.34,9804803,9.207086
"2010-11-11",10.25,10.52,10.2,10.23,6580290,9.109137
"2010-11-12",10.18,10.18,9.31,9.37,9883607,8.343365
"2010-11-15",9.37,9.55,9.3,9.5,4121972,8.459121
"2010-11-16",9.51,9.51,9.01,9.1,6025203,8.102948
"2010-11-17",9.05,9.58,9.03,9.48,6321147,8.441312
"2010-11-18",9.49,9.51,9.22,9.4,4080335,8.370077
"2010-11-19",9.41,9.49,9.13,9.45,3922054,8.414598
"2010-11-22",9.3,9.45,9.2,9.39,4457618,8.361175
"2010-11-23",9.31,9.38,9.05,9.16,2857625,8.156372
"2010-11-24",9.1,9.34,9.06,9.32,3154917,8.298842
"2010-11-25",9.34,9.57,9.24,9.41,3810398,8.378982
"2010-11-26",9.42,9.42,9.16,9.22,2873178,8.209799
"2010-11-29",9.22,9.35,9.18,9.33,2353106,8.307748
"2010-11-30",9.33,9.35,8.9,9.09,3704431,8.094043
"2010-12-01",9.05,9.16,9.01,9.08,1795407,8.085138
"2010-12-02",9.16,9.25,9.1,9.11,1736466,8.111851
"2010-12-03",9.15,9.47,9,9.29,9031333,8.27213
"2010-12-06",9.17,9.18,8.85,9.01,7323730,8.022808
"2010-12-07",8.97,9.16,8.75,9.07,4248011,8.076234
"2010-12-08",9,9.05,8.91,8.93,3320128,7.951573
"2010-12-09",8.88,8.91,8.73,8.75,3135043,7.791295
"2010-12-10",8.75,8.81,8.72,8.77,2359301,7.809105
"2010-12-13",8.81,8.92,8.79,8.91,4320592,7.933764
"2010-12-14",8.91,9.02,8.88,8.98,3795652,7.996094
"2010-12-15",9,9.06,8.9,8.96,3930098,7.978286
"2010-12-16",8.95,9.24,8.9,9.16,7277255,8.156372
"2010-12-17",9.16,9.38,9.08,9.19,4643074,8.183085
"2010-12-20",9.21,9.48,8.95,9.3,5675428,8.281034
"2010-12-21",9.3,9.58,9.17,9.5,13710823,8.459121
"2010-12-22",9.46,9.46,9.18,9.21,6446739,8.200893
"2010-12-23",9.21,9.23,9,9.21,4232862,8.200893
"2010-12-24",9.16,9.23,9.08,9.19,2725922,8.183085
"2010-12-27",9.13,9.21,8.9,9,3628499,8.013904
"2010-12-28",8.97,8.98,8.7,8.72,2689392,7.764584
"2010-12-29",8.74,8.8,8.55,8.79,3117983,7.826912
"2010-12-30",8.79,9.06,8.52,8.85,4364276,7.88034
"2010-12-31",8.84,9.19,8.73,9.12,4017369,8.120756
